username,players_played_count,blockedby_count,was_blocked_to_played_player_ratio
stollenmonster,490,22,0.04489795918
Orest_Vovk,643,18,0.02799377916
vi_pranav,470,17,0.03617021277
Witik,665,16,0.02406015038
Rud_Makarian,536,15,0.02798507463
GoltsevDmitry2000,667,14,0.02098950525
Schattman,519,14,0.02697495183
alexrustemov,734,13,0.01771117166
guillembaches,659,13,0.01972685888
Jospem,626,13,0.02076677316
Chessmissile07,414,13,0.03140096618
bazar-wokzal,905,12,0.01325966851
TigrVShlyape,751,12,0.01597869507
VALPARAISO37,347,12,0.03458213256
BeanScreen,481,11,0.02286902287
German_Bazeev,255,11,0.0431372549
Alexei_Gubajdullin,594,10,0.01683501684
Andrei_Skvortsov,477,10,0.02096436059
Arystanner,413,10,0.02421307506
jraosam,239,10,0.04184100418
biostatistician,526,9,0.01711026616
Korchmar_Vasiliy,751,8,0.01065246338
DefiantChair,635,8,0.0125984252
TanitoluwaAps116,552,8,0.01449275362
mbojan,550,8,0.01454545455
SaqoChess_Twitch,507,8,0.0157790927
RobertoJBM,440,8,0.01818181818
arminmusovic,395,8,0.02025316456
jacky72,371,8,0.02156334232
kingofthenil,335,8,0.02388059701
Sina_Movahed,311,8,0.02572347267
Orange_Ghost,228,8,0.0350877193
Twitch_ElhamBlitz05,137,8,0.05839416058
cthulhuuu,659,7,0.01062215478
vugarrasulov,442,7,0.01583710407
JimDiGrease,441,7,0.01587301587
Aradhya2000,409,7,0.01711491443
sofaceindisguise,326,7,0.02147239264
ShiroglanTalibov,238,7,0.02941176471
GHANDEEVAM2003,225,7,0.03111111111
Bilan_Danila,803,6,0.007471980075
dropstoneDP,674,6,0.008902077151
DvaHrasta,654,6,0.009174311927
Felix-Rose,603,6,0.009950248756
Msb2,587,6,0.01022146508
Shuvalov,575,6,0.01043478261
Manukyan_Artak,560,6,0.01071428571
artin10862,455,6,0.01318681319
Lennis93,447,6,0.01342281879
Njal28,398,6,0.01507537688
DenLaz,389,6,0.01542416452
Legendinunknown,382,6,0.01570680628
kikoveiga,367,6,0.01634877384
oskariot,363,6,0.01652892562
bascheyaro,357,6,0.01680672269
wqws,328,6,0.01829268293
vovachesss,316,6,0.01898734177
djano,872,5,0.005733944954
IngOscarArdila,652,5,0.007668711656
The_filthy,641,5,0.007800312012
mishanick,613,5,0.008156606852
esrosenberg,611,5,0.008183306056
infinitegiantkiller,576,5,0.008680555556
KorolDimitriy75,557,5,0.008976660682
CSB7,548,5,0.009124087591
Druid24,525,5,0.009523809524
Chessdreamer2020,475,5,0.01052631579
GianmarcoVaR,474,5,0.01054852321
ArtemDyachuk,436,5,0.01146788991
Sokoloco,404,5,0.01237623762
AradNazari,397,5,0.01259445844
rezamahdavi2008,396,5,0.01262626263
newyorkmouse,349,5,0.01432664756
KChor05,338,5,0.01479289941
DeTimmerman,305,5,0.01639344262
Angry_Twin,201,5,0.02487562189
WhiteKnight2612,165,5,0.0303030303
KononenkoD,147,5,0.03401360544
HansOnTwitch,98,5,0.05102040816
ural58,850,4,0.004705882353
WPWPWP-2015,788,4,0.005076142132
Byniolus,783,4,0.005108556833
HajiyevKanan,755,4,0.005298013245
AlexPapasimakopoulos,683,4,0.005856515373
Oleksandr_Bortnyk,674,4,0.005934718101
jaskol95,670,4,0.005970149254
Nf3c5,660,4,0.006060606061
rdarruda,641,4,0.00624024961
Lion-Al-Messi,622,4,0.006430868167
Kostukov_Alex,591,4,0.006768189509
rasmussvane,584,4,0.006849315068
Rutricks,571,4,0.00700525394
m_ezat,563,4,0.007104795737
Abund,558,4,0.007168458781
InitiatingASC,548,4,0.007299270073
BogdanDeac,511,4,0.00782778865
Aleksandar-Topalov,508,4,0.007874015748
koncheto,501,4,0.007984031936
Iball95,485,4,0.00824742268
AldokhinIvan,480,4,0.008333333333
MITerryble,477,4,0.008385744235
ErikRonka,470,4,0.008510638298
SirMittensofMittensville,428,4,0.009345794393
Slovak_fighter2000,413,4,0.009685230024
Russian_berezka,393,4,0.01017811705
frederiksvane,390,4,0.01025641026
Pingah9,371,4,0.01078167116
Mikasinski,368,4,0.01086956522
IgorBjelobrk,366,4,0.01092896175
Karttunen,359,4,0.01114206128
Makswolf200817,358,4,0.01117318436
Jojo_898,357,4,0.01120448179
GM_dmitrij,349,4,0.01146131805
Vesper2018,335,4,0.01194029851
Kostya0705,334,4,0.0119760479
BlueWizzard,319,4,0.01253918495
PLAYER_2006_M,319,4,0.01253918495
DTChess,306,4,0.01307189542
Bigfish1995,305,4,0.0131147541
crazy_but_lazy,284,4,0.01408450704
snowlord,281,4,0.01423487544
Bauman_Guy,277,4,0.01444043321
Eduard_Limonov,275,4,0.01454545455
Leonid_Starozhilov,275,4,0.01454545455
anon6121824,275,4,0.01454545455
Mops_2004,270,4,0.01481481481
XDPS,269,4,0.01486988848
Shield12,264,4,0.01515151515
mr_gustavo,259,4,0.01544401544
ChessicallyInclined,246,4,0.0162601626
DonkyDonkyDonkey,246,4,0.0162601626
Zkid,242,4,0.01652892562
Dhaydon19,238,4,0.01680672269
Itk04,237,4,0.01687763713
Vaibhavraut99,228,4,0.01754385965
LiamPutnam2008,224,4,0.01785714286
MightyGMpretender,222,4,0.01801801802
aa175,221,4,0.01809954751
Sattarov_Bobur,194,4,0.0206185567
Marcus_Harvey,192,4,0.02083333333
TheBigBoss04,179,4,0.02234636872
TrahtarBelarus,168,4,0.02380952381
CMButgood,151,4,0.02649006623
koziororo,140,4,0.02857142857
champ2005,137,4,0.02919708029
0gZPanda,107,4,0.03738317757
DuleMudule,100,4,0.04
lucasmito,76,4,0.05263157895
GiorgianBarbosa,675,3,0.004444444444
Aygehovit1992,660,3,0.004545454545
santosalberto1987,600,3,0.005
shirovin,580,3,0.005172413793
lamomiajunior,578,3,0.005190311419
HrvojeZagreb,563,3,0.005328596803
GlavkonVVS,556,3,0.005395683453
ozates,549,3,0.005464480874
Alphafischer2019,536,3,0.005597014925
Haykoooo0o,535,3,0.005607476636
GeorgiosSouleidis,521,3,0.00575815739
Hirna2005,520,3,0.005769230769
SHIVACalypso,520,3,0.005769230769
Cambek64,517,3,0.00580270793
Kildepiotr,512,3,0.005859375
viktorskliarov,498,3,0.006024096386
Lady_Nika,496,3,0.006048387097
JoliyRoger,494,3,0.006072874494
Gentlejimmy7,480,3,0.00625
Flaccidmoves,477,3,0.006289308176
sergeikim,463,3,0.006479481641
The_Machine04,445,3,0.006741573034
stasOR4ik,445,3,0.006741573034
Semetey,443,3,0.006772009029
RCone,442,3,0.006787330317
talaicito,434,3,0.006912442396
Petrovic_Aleksa,430,3,0.006976744186
FredddieCroderg,420,3,0.007142857143
vladoboch,393,3,0.007633587786
attack2mateU,389,3,0.007712082262
Duhless,386,3,0.007772020725
sokidze,383,3,0.007832898172
wonderfultime,380,3,0.007894736842
JaloliddinIlkhomi,361,3,0.008310249307
FLYD,357,3,0.008403361345
FaustinoOro,351,3,0.008547008547
ShahMatKanal,349,3,0.008595988539
kleinebeer98,347,3,0.008645533141
Doomfist26,345,3,0.008695652174
inagreV,341,3,0.008797653959
seramoral,337,3,0.008902077151
akanga001,333,3,0.009009009009
Ural_bogatyr,327,3,0.009174311927
VitorBronson,323,3,0.009287925697
Martial2008,321,3,0.009345794393
Sadykov_Ramil,311,3,0.009646302251
SirParistonHill,303,3,0.009900990099
MarcoRiehle,302,3,0.009933774834
MusicCityMaster,300,3,0.01
Szparu,300,3,0.01
GalaxyRoman,298,3,0.01006711409
Mr_ruthless,294,3,0.01020408163
blitzo_vich,290,3,0.01034482759
ljm509,288,3,0.01041666667
SantoBlue,285,3,0.01052631579
MFBerna,283,3,0.01060070671
micke12a,281,3,0.01067615658
Elsa167,278,3,0.01079136691
ArchibaldCerveza29,273,3,0.01098901099
CrushingKings,273,3,0.01098901099
DamianoLew95,270,3,0.01111111111
Ready4abattle,270,3,0.01111111111
Ol_Bilych,268,3,0.01119402985
Azoulas1,267,3,0.01123595506
SanchezKelvin,264,3,0.01136363636
blitzking1729,256,3,0.01171875
zimmm36,247,3,0.01214574899
MikaelyanArman,246,3,0.01219512195
djokovic74,242,3,0.01239669421
Denis_Makhnyov,234,3,0.01282051282
benny_aizenberg,234,3,0.01282051282
MessiKingdom,226,3,0.01327433628
Just_Lucky_1,222,3,0.01351351351
NikolaGry,222,3,0.01351351351
greekplayer1,220,3,0.01363636364
Parhamov,217,3,0.01382488479
rychessmaster1,217,3,0.01382488479
Ginger_GM,213,3,0.01408450704
IsuruAlahakoon,213,3,0.01408450704
jk13,211,3,0.01421800948
NateSolon,209,3,0.01435406699
GAZZAN_3000,207,3,0.01449275362
ViIIagra,204,3,0.01470588235
Bulldog167,203,3,0.01477832512
mbachez,197,3,0.0152284264
carokannlover213,196,3,0.01530612245
Sjakkerntobi,195,3,0.01538461538
Miguelito,191,3,0.01570680628
slorovel,188,3,0.01595744681
iliaguevnisim,181,3,0.01657458564
DNextEpisode,180,3,0.01666666667
Real_taiatai,170,3,0.01764705882
remi04,168,3,0.01785714286
Chessexplained,161,3,0.01863354037
nocnypako,160,3,0.01875
Perdomov,159,3,0.01886792453
Resignify,156,3,0.01923076923
seopie,152,3,0.01973684211
Sven_Tica,144,3,0.02083333333
komogro,137,3,0.02189781022
aghasiyevkamal,133,3,0.02255639098
NovozhilovSemen,130,3,0.02307692308
AwareIdea,128,3,0.0234375
chess123456s,127,3,0.02362204724
NelsonLinda,122,3,0.02459016393
RETURNOFTHELAGGER,121,3,0.02479338843
ShahxaibKhan,119,3,0.02521008403
TST2014,119,3,0.02521008403
TheRealGmochey,117,3,0.02564102564
dmitrijiIM,116,3,0.02586206897
temus_galaktionov,112,3,0.02678571429
CM_rui,111,3,0.02702702703
pankajfm,107,3,0.02803738318
LoydBlankenship,99,3,0.0303030303
Rurep26,81,3,0.03703703704
Reader777,74,3,0.04054054054
MolecularChemist,71,3,0.04225352113
Tactrics,68,3,0.04411764706
JeRoma71,44,3,0.06818181818
friesnielsen2302,34,3,0.08823529412
Tpros,33,3,0.09090909091
Zhigalko_Sergei,831,2,0.002406738869
emeli_chess,822,2,0.002433090024
jcibarra,692,2,0.00289017341
MaxLeto,650,2,0.003076923077
FairChess_on_YouTube,638,2,0.003134796238
wild3000,622,2,0.003215434084
karinachess1,596,2,0.003355704698
cristiano78,580,2,0.003448275862
Djager97,532,2,0.003759398496
viktorgen2021,523,2,0.003824091778
Cayse,488,2,0.004098360656
ljuks68,487,2,0.004106776181
vidavi,483,2,0.004140786749
tylityli,477,2,0.004192872117
MatthewG-p4p,476,2,0.004201680672
Sanan_Sjugirov,467,2,0.004282655246
Matols,440,2,0.004545454545
Giorno,438,2,0.004566210046
HanSchut,434,2,0.004608294931
Oleg_Papayan,429,2,0.004662004662
Jahonas,427,2,0.004683840749
Polish_fighter3000,422,2,0.004739336493
Meri-Arabidze,419,2,0.00477326969
AleksandrAleksikov,417,2,0.00479616307
Andrii_Prydun,413,2,0.004842615012
pedromartinez91,409,2,0.00488997555
Mikhail_Bryakin,405,2,0.004938271605
Anton_Demchenko,396,2,0.005050505051
tdf98pantani,394,2,0.005076142132
salomez,388,2,0.005154639175
manitodeplomo,386,2,0.00518134715
zajka-molotok,385,2,0.005194805195
dretch,374,2,0.005347593583
brm72,373,2,0.005361930295
KVAIDAN,371,2,0.00539083558
Quattroporte300,370,2,0.005405405405
betta2004,364,2,0.005494505495
Alex_Sahakyan2006,358,2,0.005586592179
Kirill_Klukin,349,2,0.005730659026
PavelChernomordik,349,2,0.005730659026
Road2GM3000,346,2,0.005780346821
Athanasios2,344,2,0.005813953488
elchacal664,342,2,0.005847953216
HouseOfDurin,337,2,0.005934718101
Fan_Of_Chucky,334,2,0.005988023952
jinxy2009,330,2,0.006060606061
Chessbard1972,327,2,0.006116207951
Journey_to_GrandMaster_YT,325,2,0.006153846154
Rosh1610,323,2,0.006191950464
Ali_rastbod,322,2,0.006211180124
Good_Knight_Kiss,321,2,0.006230529595
sergoy,319,2,0.006269592476
kai_nov,316,2,0.006329113924
Vladimir_Zakhartsov,311,2,0.006430868167
levallem,310,2,0.006451612903
Hoshka,309,2,0.006472491909
PeshkaCh,309,2,0.006472491909
Defend1r,305,2,0.006557377049
Vuk2000,305,2,0.006557377049
MdChess1734,303,2,0.006600660066
krzyzan94,300,2,0.006666666667
Mykola-Bortnyk,294,2,0.006802721088
DanielDardha2005,293,2,0.006825938567
Eagle_2019,292,2,0.006849315068
grzechu96,291,2,0.006872852234
chito89,290,2,0.006896551724
Defenstrator,281,2,0.007117437722
Zavgorodniy_Sergiy,279,2,0.007168458781
chessisveryfun1264,278,2,0.007194244604
Zurability,272,2,0.007352941176
Fleetw00dMac,269,2,0.007434944238
FGHSMN,262,2,0.007633587786
ellatambien,262,2,0.007633587786
glebus008,261,2,0.007662835249
politeplayer,261,2,0.007662835249
Barmen_EV,256,2,0.0078125
Hasangatin_Ramil,251,2,0.00796812749
mitrabhaa,250,2,0.008
milovichalex,249,2,0.008032128514
HATilay,247,2,0.008097165992
whiteglovethief,245,2,0.008163265306
Kosak12,244,2,0.008196721311
Nitzan_Steinberg,243,2,0.008230452675
YellowJacek,239,2,0.008368200837
dennisodessa,238,2,0.008403361345
fabianvivasz,238,2,0.008403361345
Ranindu2003,235,2,0.008510638298
powermove,235,2,0.008510638298
vanyakuba,231,2,0.008658008658
Zohid6,230,2,0.008695652174
rionelG,228,2,0.008771929825
BardArtem,223,2,0.008968609865
tptagain,222,2,0.009009009009
GMSrinath,221,2,0.009049773756
Fighterman91,220,2,0.009090909091
Maxfan2008,219,2,0.009132420091
Cheer_Down,215,2,0.009302325581
LeRoidesChampions,211,2,0.009478672986
chess94cu,211,2,0.009478672986
GaiozNigalidze,206,2,0.009708737864
TERMINATOR_PC,203,2,0.009852216749
londonkid,203,2,0.009852216749
Gareth-Bale11,202,2,0.009900990099
Vaathi_Coming,202,2,0.009900990099
fugadelafuga,202,2,0.009900990099
AndresDelgado77,201,2,0.009950248756
Hope_6,201,2,0.009950248756
GMG,199,2,0.01005025126
BENO_CHESS,198,2,0.0101010101
CaptainCasanova,196,2,0.01020408163
RJRA94,192,2,0.01041666667
GMCarbone,190,2,0.01052631579
MBA_CHESS_2021,190,2,0.01052631579
vishwa_vijeta,189,2,0.01058201058
Azatic,185,2,0.01081081081
Macron20hTF1,183,2,0.01092896175
SashaKuzhilniy,182,2,0.01098901099
cassoulet,179,2,0.01117318436
mac0504,177,2,0.01129943503
AmanteDeMoi,175,2,0.01142857143
TheoSlade,174,2,0.01149425287
Rsnr,173,2,0.01156069364
Egor_Koshulyan,172,2,0.01162790698
IwkooO,172,2,0.01162790698
MVM2008,171,2,0.01169590643
js20000,170,2,0.01176470588
Inepton_Fermion,169,2,0.01183431953
Battlecruiser_Operational,168,2,0.0119047619
SpongeBob_03,167,2,0.0119760479
DanielTitichoca,166,2,0.01204819277
GAO,165,2,0.01212121212
Azeryahu,164,2,0.01219512195
thedjoker98,163,2,0.01226993865
BetonCarlsen,161,2,0.01242236025
ChuckPhil,161,2,0.01242236025
psychokiller48,155,2,0.01290322581
shanemelaughcm,153,2,0.01307189542
MYMChessAcademy,152,2,0.01315789474
forevery0ung,151,2,0.01324503311
ViralduS,149,2,0.01342281879
Eternauta2400,148,2,0.01351351351
Metadast,148,2,0.01351351351
mjelcic,143,2,0.01398601399
Yoda1992,136,2,0.01470588235
chessforthesun,135,2,0.01481481481
Andrej2004,133,2,0.01503759398
Grandmaster2B,133,2,0.01503759398
Mackster23,133,2,0.01503759398
AlmasChampion1,131,2,0.01526717557
Sargsyan_Shant,131,2,0.01526717557
PositionalPanther,129,2,0.01550387597
turayev_shahruh17,128,2,0.015625
Fonsofan,123,2,0.0162601626
Der_Balak_3Halak,122,2,0.01639344262
Ramosha,122,2,0.01639344262
daro94,122,2,0.01639344262
ejam94,121,2,0.01652892562
AhmadzadaA,118,2,0.01694915254
Sl4werThanYou,117,2,0.01709401709
MiFerz44,116,2,0.01724137931
blueryder,116,2,0.01724137931
HSH1987,113,2,0.01769911504
Nemegejas,112,2,0.01785714286
Kopylov_Alex,111,2,0.01801801802
adotand,110,2,0.01818181818
RodokininEV,106,2,0.01886792453
Tehni4arce,106,2,0.01886792453
SlavenPastar,104,2,0.01923076923
Dzidzik2203,102,2,0.01960784314
Wizard_97,102,2,0.01960784314
sonicdravise,101,2,0.0198019802
semchik73,100,2,0.02
Mr_Heisenberg13,99,2,0.0202020202
anon102030,98,2,0.02040816327
WinOrTilt,97,2,0.0206185567
siciliannaga,97,2,0.0206185567
KarateBaby,93,2,0.02150537634
yonaltimur,92,2,0.02173913043
Dragon_Dmitry,91,2,0.02197802198
Ncatt,90,2,0.02222222222
jeloma,89,2,0.02247191011
BrandonJacobson,85,2,0.02352941176
ashookk,85,2,0.02352941176
Akewjon,84,2,0.02380952381
ajian,84,2,0.02380952381
tgpgoat,81,2,0.02469135802
IM_ArthurDW08,74,2,0.02702702703
Alohamora11,72,2,0.02777777778
Jadeit90,72,2,0.02777777778
Steegersee,71,2,0.02816901408
dirk_da_player,69,2,0.02898550725
topce,69,2,0.02898550725
Dilshad92,68,2,0.02941176471
x-5963514717,68,2,0.02941176471
Ze-Pequeno,67,2,0.02985074627
IlyaGrigorjev,66,2,0.0303030303
OglazaOskar2005,65,2,0.03076923077
krasavetc,64,2,0.03125
Arek_pacitan,61,2,0.03278688525
ChessLebaneseSalah,61,2,0.03278688525
Carnivoras,59,2,0.03389830508
burbur555,57,2,0.0350877193
balachess2006,56,2,0.03571428571
insatiable27,53,2,0.03773584906
Pastore1978,43,2,0.04651162791
Patzel09,42,2,0.04761904762
1stSecond,38,2,0.05263157895
CarlssonLudvig,38,2,0.05263157895
gordonzyxu,38,2,0.05263157895
vinniethepooh,38,2,0.05263157895
Nesty_Javi_Chess,36,2,0.05555555556
fmshawnrl123,33,2,0.06060606061
guilty93,29,2,0.06896551724
Markov_Mikhail,24,2,0.08333333333
Lagravesamuell,10,2,0.2
nitpicker,725,1,0.001379310345
Ducke13,701,1,0.001426533524
LuisFSiles,645,1,0.001550387597
Eloist,612,1,0.001633986928
Casper,610,1,0.001639344262
BeardedNM,590,1,0.001694915254
Fandorine,589,1,0.001697792869
Kotofeyca,566,1,0.001766784452
Beca95,548,1,0.001824817518
jup1978,537,1,0.001862197393
shimastream,532,1,0.001879699248
IMRosen,522,1,0.001915708812
noblerone,522,1,0.001915708812
lluiss,508,1,0.001968503937
Zq1,503,1,0.001988071571
Coachpoker,488,1,0.002049180328
tteshan,487,1,0.00205338809
Hikaru,483,1,0.002070393375
LaPiToB,475,1,0.002105263158
chessdjw,467,1,0.002141327623
Flawless_Fighter,465,1,0.002150537634
Roedor,455,1,0.002197802198
McCarthyStone,451,1,0.0022172949
egnfanclub,451,1,0.0022172949
PawnEatingZombie,449,1,0.002227171492
DanielNaroditsky,437,1,0.002288329519
Payyappat,437,1,0.002288329519
TheMagician,437,1,0.002288329519
AnaKuchava,429,1,0.002331002331
temiksmozg,429,1,0.002331002331
Langua_Chess,428,1,0.002336448598
WindWhistler11,427,1,0.002341920375
Durarbayli,423,1,0.002364066194
Zampronha1971,421,1,0.002375296912
BigAl,417,1,0.002398081535
AjedrezInteligente,412,1,0.002427184466
falzehope0,408,1,0.002450980392
sergiochess83,403,1,0.002481389578
Noki102,401,1,0.002493765586
andrzej,401,1,0.002493765586
vladgoncharov,400,1,0.0025
ritanovikova,398,1,0.002512562814
TimofeevAr,396,1,0.002525252525
rikchessmx,393,1,0.002544529262
ChessFanNM,387,1,0.002583979328
Nick12772,385,1,0.002597402597
Arteler,384,1,0.002604166667
Mikhal867,384,1,0.002604166667
AttilaTurzo,381,1,0.002624671916
ChessQueen,379,1,0.002638522427
GAusal,379,1,0.002638522427
I_am_Javi,376,1,0.002659574468
Yurovskykh_Oleksandr,371,1,0.00269541779
zverr1,370,1,0.002702702703
reevecanada,369,1,0.0027100271
RianKapriaga,367,1,0.00272479564
kreonx,367,1,0.00272479564
K_A_S_T_O_R,364,1,0.002747252747
Veleamater,361,1,0.002770083102
jeetjain,361,1,0.002770083102
CalinGheorghiu,359,1,0.00278551532
Laico,358,1,0.002793296089
ATM622,357,1,0.002801120448
VladimirKramnik,356,1,0.002808988764
campochess,351,1,0.002849002849
Vsevolod_Ovchinnikov,347,1,0.00288184438
DonBroca,343,1,0.002915451895
ninguno46,342,1,0.002923976608
pokochajszachy,342,1,0.002923976608
Anna_ChessMate,334,1,0.002994011976
atbenina64,334,1,0.002994011976
azikom,332,1,0.003012048193
colegiodemadrid,332,1,0.003012048193
AryanTari,331,1,0.003021148036
Gyulamiryan-koryun,324,1,0.003086419753
Hrant_ChessMood,321,1,0.003115264798
Kielinkei,320,1,0.003125
GP9isback23,316,1,0.003164556962
ilushka,316,1,0.003164556962
Tonychess32,315,1,0.003174603175
giomar27,312,1,0.003205128205
Championnn-9,311,1,0.003215434084
exoticprincess,311,1,0.003215434084
Piotrek1979,310,1,0.003225806452
Grossboss19,309,1,0.003236245955
ContrVersia,308,1,0.003246753247
BahadirOzen,304,1,0.003289473684
nihalsarin,303,1,0.003300330033
HamedWafa4,299,1,0.003344481605
VincentKeymer,297,1,0.003367003367
hellokostya,297,1,0.003367003367
Tsyhanchuk_Stanislav,295,1,0.003389830508
DrMamaliga,294,1,0.003401360544
Qvalda,294,1,0.003401360544
Practical-Play,293,1,0.003412969283
deribas12345,292,1,0.003424657534
KATPAH,291,1,0.003436426117
ChristopherYoo,289,1,0.003460207612
Walter_White_Poland,288,1,0.003472222222
EREBUNI91,286,1,0.003496503497
Ginzburg_Yakov,282,1,0.003546099291
Fh2411,281,1,0.003558718861
AlexandraSamaganova,280,1,0.003571428571
Sunny_Star,278,1,0.003597122302
becemix,278,1,0.003597122302
Perecke,277,1,0.003610108303
manmanlai1,277,1,0.003610108303
mortngabriel,276,1,0.003623188406
wgraif,276,1,0.003623188406
Sofia_Blokhin,275,1,0.003636363636
Alina_Gumerovna,272,1,0.003676470588
Sanyura,272,1,0.003676470588
moro182,270,1,0.003703703704
Artem_0degov,269,1,0.003717472119
MagnusCarlsen,268,1,0.003731343284
Doudou2015,267,1,0.003745318352
HalfIsCrayfish,266,1,0.003759398496
RamyresCoelho,266,1,0.003759398496
SARGISMV,265,1,0.003773584906
vladislavkovalev,265,1,0.003773584906
ExchangeAB,262,1,0.003816793893
PushingpawnsNYC,261,1,0.003831417625
SchmakAttack,261,1,0.003831417625
NMJeevanK,260,1,0.003846153846
whitemirrorninja,260,1,0.003846153846
Chemim21,255,1,0.003921568627
SharapovEvgeny,255,1,0.003921568627
Viacheslav92,255,1,0.003921568627
hakanazeri2,255,1,0.003921568627
FMStan15,254,1,0.003937007874
bipe137,254,1,0.003937007874
AvitalBor,253,1,0.00395256917
TimGrutter03,253,1,0.00395256917
Romkachess,252,1,0.003968253968
Sergey85Rodchenkov,252,1,0.003968253968
Nbk90,251,1,0.003984063745
N18player,250,1,0.004
MAGMAchess02,248,1,0.004032258065
bennyficial,248,1,0.004032258065
monkins,247,1,0.004048582996
seorobert1971,246,1,0.00406504065
a-z30,245,1,0.004081632653
penguingm1,245,1,0.004081632653
Shivananda1964,243,1,0.004115226337
Genghis_K,241,1,0.004149377593
Ajedrez_con_German,240,1,0.004166666667
Bastiandash,240,1,0.004166666667
ProfessorChess101,240,1,0.004166666667
erugee,240,1,0.004166666667
marik_spb,240,1,0.004166666667
tusplingher,240,1,0.004166666667
Pomberito2,239,1,0.004184100418
Agibileg,238,1,0.004201680672
AungTZ,237,1,0.004219409283
WiktoriaPOL,237,1,0.004219409283
A-Fier,236,1,0.004237288136
LeoLV10,236,1,0.004237288136
dorpato,235,1,0.004255319149
GasconJR,234,1,0.004273504274
Guzman70,234,1,0.004273504274
broskolis,234,1,0.004273504274
SargissyanSargis,232,1,0.004310344828
NoHeThTo,229,1,0.004366812227
RandomNoob04,227,1,0.004405286344
MatyChess1,226,1,0.004424778761
midedu,226,1,0.004424778761
DKmirl,225,1,0.004444444444
IamSchrodingersCat,225,1,0.004444444444
Nikolakis2014,225,1,0.004444444444
albayo,225,1,0.004444444444
FuenfgegenWilly,223,1,0.004484304933
LangesNasenhaar,222,1,0.004504504505
Crazy_girl99,220,1,0.004545454545
csati17,220,1,0.004545454545
eagleclaw07,220,1,0.004545454545
Mikedannnn,219,1,0.004566210046
IMSlavin,218,1,0.004587155963
RobRam,218,1,0.004587155963
wadsy27,218,1,0.004587155963
Sychev_on_YouTube,217,1,0.004608294931
farzadbfd,214,1,0.004672897196
isaak2009,214,1,0.004672897196
Machidon,213,1,0.004694835681
Valeron87,213,1,0.004694835681
venturov,213,1,0.004694835681
Jeffinho023,211,1,0.004739336493
Joshukid,210,1,0.004761904762
KaydenTroffChess,210,1,0.004761904762
joppie2,208,1,0.004807692308
olawsson,208,1,0.004807692308
Arnaldofdelavaramulet,207,1,0.004830917874
only_strong_moves,207,1,0.004830917874
WilliamAlfaroCaracas,206,1,0.004854368932
realburq,206,1,0.004854368932
OhanyanEminChess,204,1,0.004901960784
Berardino,203,1,0.004926108374
Ordekalog,203,1,0.004926108374
gshwbedhkhd,202,1,0.00495049505
MetiForce,201,1,0.004975124378
Artyom_ChessMate,200,1,0.005
Zorbos,200,1,0.005
arenal72,199,1,0.005025125628
JoachimMouhamad,198,1,0.005050505051
Marcin,198,1,0.005050505051
ETTrainer,196,1,0.005102040816
wannabe2700,195,1,0.005128205128
scandalgod,194,1,0.005154639175
subham777,194,1,0.005154639175
UK_23,193,1,0.00518134715
Salem-AR,192,1,0.005208333333
Willi_Skibbe,192,1,0.005208333333
ValeriyGrinev,191,1,0.005235602094
Ditman2007,190,1,0.005263157895
jaldjald,190,1,0.005263157895
tolimachess,190,1,0.005263157895
Apocalyps999,188,1,0.005319148936
TregubovP,188,1,0.005319148936
Slovineanu,187,1,0.005347593583
DanylaBagrov,186,1,0.005376344086
igorkovalenko,186,1,0.005376344086
korbul,186,1,0.005376344086
Herzog2012,184,1,0.005434782609
larsmandreassen,184,1,0.005434782609
Flopezin,183,1,0.005464480874
FontVella8,183,1,0.005464480874
maximnovik,183,1,0.005464480874
Gabrielian_Artur,182,1,0.005494505495
Tunahan_Makaraci,181,1,0.005524861878
brunoo2003,180,1,0.005555555556
MrTattaglia,177,1,0.005649717514
Alex_Banzea,176,1,0.005681818182
ElDivis,176,1,0.005681818182
bardiya_Daneshvar,175,1,0.005714285714
Roman_Ovetchkin,174,1,0.005747126437
vova-79,174,1,0.005747126437
AlphaPerseii,173,1,0.005780346821
StoreySniper,173,1,0.005780346821
peonrojo150,173,1,0.005780346821
kuli4ik,172,1,0.005813953488
Barbus89,171,1,0.005847953216
The_Sherman_Variation,171,1,0.005847953216
gahryman,171,1,0.005847953216
Savagelittlemole,170,1,0.005882352941
Irishchessman16,169,1,0.005917159763
Rakhmanov_Aleksandr,169,1,0.005917159763
kinga2008,169,1,0.005917159763
Goffredo_Fofi,168,1,0.005952380952
angelgab3,168,1,0.005952380952
adapodadei,167,1,0.005988023952
Sinquefield,166,1,0.006024096386
jens1102,166,1,0.006024096386
zenitushka,165,1,0.006060606061
Camilla_Lee,164,1,0.006097560976
ahkashefi2800,164,1,0.006097560976
Siemba,162,1,0.006172839506
paradise10,162,1,0.006172839506
Khromkin,161,1,0.006211180124
crosky,161,1,0.006211180124
daika91,161,1,0.006211180124
juancruzarias,161,1,0.006211180124
mistrzemi,161,1,0.006211180124
the_chess_child,161,1,0.006211180124
Alomaterapia,160,1,0.00625
Andrei_Belozerov,160,1,0.00625
Colombiano07,160,1,0.00625
maracayo,160,1,0.00625
muchojogo,159,1,0.006289308176
miraitrunks,158,1,0.006329113924
Orujov2008,157,1,0.006369426752
amintabatabaei,157,1,0.006369426752
MalyDominator,156,1,0.00641025641
bocah_sakit,156,1,0.00641025641
ameetghasi100,155,1,0.006451612903
artooon,155,1,0.006451612903
norwaytoadog,155,1,0.006451612903
twofoxniel,155,1,0.006451612903
Airquake,154,1,0.006493506494
DIMONBANAN,154,1,0.006493506494
amylazy,154,1,0.006493506494
Fisher_TheGalactic,153,1,0.006535947712
Samatsa,153,1,0.006535947712
c63_amg,153,1,0.006535947712
kleopl,153,1,0.006535947712
SergioMoralesG,152,1,0.006578947368
AjedrezenMadrid,151,1,0.006622516556
SEBAZZANO,151,1,0.006622516556
dedpihto_v_kozhanom_palto,151,1,0.006622516556
ChessSwole,150,1,0.006666666667
Rgoltsman,150,1,0.006666666667
ChadBiryani,149,1,0.006711409396
Me_ch_an,149,1,0.006711409396
Garmendiarov,148,1,0.006756756757
Murad_Ibrahimli,148,1,0.006756756757
Hamisandwich,147,1,0.006802721088
atalz0,147,1,0.006802721088
bescmelasti,147,1,0.006802721088
bubeliang,147,1,0.006802721088
kuzol,147,1,0.006802721088
AniJak,146,1,0.006849315068
Alexandr_Predke,144,1,0.006944444444
Matibar,144,1,0.006944444444
NLLO777,144,1,0.006944444444
ThePeacefulPanda,144,1,0.006944444444
imdvb6307,144,1,0.006944444444
JoakimVonAnd,143,1,0.006993006993
PapaieDudu,143,1,0.006993006993
Skatchkov_V,143,1,0.006993006993
Sweafty,143,1,0.006993006993
marcodobrikov,143,1,0.006993006993
Tolyanius,142,1,0.007042253521
AndrewB92,140,1,0.007142857143
MrKooshaChess_Twitch,140,1,0.007142857143
Maestro1986,139,1,0.007194244604
Daffidollchess2,138,1,0.007246376812
Thormento16,138,1,0.007246376812
almaguerjm,138,1,0.007246376812
Indianlad,137,1,0.007299270073
BozeKat,136,1,0.007352941176
Dontmesswithme_2,136,1,0.007352941176
GadimbayliA,136,1,0.007352941176
StellarChess,136,1,0.007352941176
gueraumasague,136,1,0.007352941176
drdaro,135,1,0.007407407407
Vamostodorecto,134,1,0.007462686567
atigerman,134,1,0.007462686567
aistrel,133,1,0.007518796992
tvjosue,133,1,0.007518796992
Artemiki,131,1,0.007633587786
dozer80,129,1,0.007751937984
Blitzstream,128,1,0.0078125
DanilNajdin,128,1,0.0078125
ferrufino64,128,1,0.0078125
nrvisakh,128,1,0.0078125
Elprofessor21,127,1,0.007874015748
sakkikuska,127,1,0.007874015748
abc_xyz4744,126,1,0.007936507937
crazy_m_attack,126,1,0.007936507937
jorquerino,126,1,0.007936507937
Godzillator,125,1,0.008
GrigorGrigorov,125,1,0.008
Ykow,125,1,0.008
BeautiFullMindChess,124,1,0.008064516129
CFN_Good_Evening,124,1,0.008064516129
Enriquack,124,1,0.008064516129
Fore_Man,123,1,0.008130081301
GaalZsoka,123,1,0.008130081301
NigelDwarf,123,1,0.008130081301
VladyC,123,1,0.008130081301
fks_stal_mielec,123,1,0.008130081301
FoggyMorning,122,1,0.008196721311
profedechess93,122,1,0.008196721311
chessajedrezz2020,121,1,0.00826446281
x-3738459472,121,1,0.00826446281
zeitnot2006,121,1,0.00826446281
DarkAlekhine,120,1,0.008333333333
littlepinkyboy,120,1,0.008333333333
meoluoi91,120,1,0.008333333333
Henryk_S,119,1,0.008403361345
Nicolas_DeLaColina,119,1,0.008403361345
maciek_92,119,1,0.008403361345
mind1mover,119,1,0.008403361345
Smirnov_Pavel,118,1,0.008474576271
Misticpikachu,117,1,0.008547008547
maxip32,117,1,0.008547008547
SmirnovTimofey2000,116,1,0.008620689655
Statham_l3,116,1,0.008620689655
Caracternin123,115,1,0.008695652174
PapiPapita,115,1,0.008695652174
krstulov_alex,115,1,0.008695652174
ElenGajger,114,1,0.008771929825
davigator,114,1,0.008771929825
AkibaRubi,113,1,0.008849557522
averageFM,113,1,0.008849557522
luizzy,113,1,0.008849557522
playablecharacter,113,1,0.008849557522
Fuzesabonyilaci,112,1,0.008928571429
Nozdrachev_Leonid,112,1,0.008928571429
laskakid,112,1,0.008928571429
ploxoi,112,1,0.008928571429
tandaleo,112,1,0.008928571429
AnthonyWirig,111,1,0.009009009009
DumbKing75,111,1,0.009009009009
EddieMarsalla,110,1,0.009090909091
xberli,108,1,0.009259259259
YairParkhov,107,1,0.009345794393
harlem4brew,107,1,0.009345794393
GrumbleBruno,106,1,0.009433962264
eltrain1971,106,1,0.009433962264
lukas_111111,106,1,0.009433962264
Maitreia,105,1,0.009523809524
Willychess95,105,1,0.009523809524
lolo9292,105,1,0.009523809524
Fusikk,104,1,0.009615384615
Pelopidass,104,1,0.009615384615
Alexchess1984,103,1,0.009708737864
elcandado,101,1,0.009900990099
fen_fire,101,1,0.009900990099
Fantastic_Power,100,1,0.01
SRob2003,100,1,0.01
ToddBryant,100,1,0.01
Tssunami,100,1,0.01
cande_francisco,100,1,0.01
ploddingpawn,99,1,0.0101010101
2Tilted,98,1,0.01020408163
Rakitic2010,98,1,0.01020408163
SandwichOSaumon,98,1,0.01020408163
chakruchess,98,1,0.01020408163
03revilo,97,1,0.01030927835
Aemulus20,97,1,0.01030927835
Maikrosoft63,97,1,0.01030927835
Topblitz,97,1,0.01030927835
ChessLover0108,96,1,0.01041666667
Gabix_94,96,1,0.01041666667
KrokerGuy,96,1,0.01041666667
nikitakhoroshev,96,1,0.01041666667
Arimin1329,95,1,0.01052631579
ArmanGhevondyanchess,95,1,0.01052631579
Cryptochess,95,1,0.01052631579
Kingstar70,95,1,0.01052631579
PolandHussars,95,1,0.01052631579
Aslanov_Umid,94,1,0.01063829787
Bishops83,94,1,0.01063829787
DenishevM,94,1,0.01063829787
GMthekingindian,94,1,0.01063829787
svilson23,94,1,0.01063829787
KamilGrycel,93,1,0.01075268817
Teidi96,93,1,0.01075268817
Tobias_Koelle,93,1,0.01075268817
VitaliyChayka,93,1,0.01075268817
Rybka1989,92,1,0.01086956522
TatjanaVasilevich,92,1,0.01086956522
Annawel,91,1,0.01098901099
BegmuratovKh2010,91,1,0.01098901099
MasterKroket,91,1,0.01098901099
tandercat,91,1,0.01098901099
Keithonsky,90,1,0.01111111111
NoGalloNoParty,90,1,0.01111111111
Trovita84,90,1,0.01111111111
Harald_Schmidt,89,1,0.01123595506
Karacsonyi_Gellert,89,1,0.01123595506
LoaySameer,89,1,0.01123595506
MeesvanOsch,89,1,0.01123595506
dawid498,89,1,0.01123595506
workhard91,89,1,0.01123595506
H3nriqueTV,88,1,0.01136363636
mjray79,88,1,0.01136363636
Franmu14,87,1,0.01149425287
barbara25,87,1,0.01149425287
Dacean99,86,1,0.01162790698
ShadowJolteon,86,1,0.01162790698
chenrip,86,1,0.01162790698
zivicd,86,1,0.01162790698
1800_strength,85,1,0.01176470588
Jarming,85,1,0.01176470588
JuniorJumper,85,1,0.01176470588
jakopogi,85,1,0.01176470588
ril1997,84,1,0.0119047619
Chuchofrio1,82,1,0.01219512195
Jackalhead_Anubis,82,1,0.01219512195
Redzishchess,82,1,0.01219512195
SerGo055,82,1,0.01219512195
kosmeg,82,1,0.01219512195
nekotyanof,82,1,0.01219512195
Taktikmonster,81,1,0.01234567901
babyking1205,81,1,0.01234567901
josmito10,81,1,0.01234567901
korason34,81,1,0.01234567901
Dinamo3,80,1,0.0125
MustafayevFarid2004,80,1,0.0125
benkoni_KID,80,1,0.0125
poluprovodnik01,80,1,0.0125
thechesscorner64,80,1,0.0125
Adham_Fawzy,79,1,0.01265822785
akinov-akinseye,79,1,0.01265822785
Nuvas,78,1,0.01282051282
grunbergmihai,78,1,0.01282051282
krucki03,78,1,0.01282051282
nicolochessit,78,1,0.01282051282
WelshTiger,77,1,0.01298701299
carlsen1001,77,1,0.01298701299
googlegoom,77,1,0.01298701299
lavr92,77,1,0.01298701299
TreinadorBR,76,1,0.01315789474
dcremisi,76,1,0.01315789474
starplatinum2030,76,1,0.01315789474
valik3504,76,1,0.01315789474
Lovinski,75,1,0.01333333333
Arifarsky,74,1,0.01351351351
FrenchMonster2002,74,1,0.01351351351
Mihaiionescu1,74,1,0.01351351351
NikoTheodorou,74,1,0.01351351351
el_sporco,74,1,0.01351351351
Devil_Sun,73,1,0.01369863014
HeinichessPY,73,1,0.01369863014
melissa_guez,73,1,0.01369863014
amateurchess20,72,1,0.01388888889
enriquetejedor,72,1,0.01388888889
momotaro77,72,1,0.01388888889
Amirreza_p,71,1,0.01408450704
Ellaijio_B,70,1,0.01428571429
kuruhuru,70,1,0.01428571429
margarita_2703,70,1,0.01428571429
Gravity_Chess,69,1,0.01449275362
JERO-8914,69,1,0.01449275362
Pawnpusherschessaccademy,69,1,0.01449275362
demon64fields,69,1,0.01449275362
Kobalia,68,1,0.01470588235
SahibSinghKnight,68,1,0.01470588235
EvilMorty23,67,1,0.01492537313
TheOneTrapMan,67,1,0.01492537313
chegueps,67,1,0.01492537313
jimis98,67,1,0.01492537313
kaanadayhamle,67,1,0.01492537313
valeriocarnicelli,67,1,0.01492537313
Cristi_Coca,66,1,0.01515151515
louis198,66,1,0.01515151515
Grebeniuk-S,65,1,0.01538461538
ibove,65,1,0.01538461538
mouniouboun,65,1,0.01538461538
Incognito_Knight,64,1,0.015625
ApacheSVD,63,1,0.01587301587
FlemingA,63,1,0.01587301587
Hooded_Old_Man,63,1,0.01587301587
Vusatiuk_Vladimir,63,1,0.01587301587
enestnrvrd,63,1,0.01587301587
Kiborg95,62,1,0.01612903226
Ramil_Faizrakhmanov,62,1,0.01612903226
DonJuanEGenaro,61,1,0.01639344262
Ticoluis,61,1,0.01639344262
ruifeng,61,1,0.01639344262
WildTricks,60,1,0.01666666667
djogrodek1,60,1,0.01666666667
motivated_bishop,60,1,0.01666666667
yosephtaher,60,1,0.01666666667
Alimpic,59,1,0.01694915254
KingCyber19,59,1,0.01694915254
PierrotFace,59,1,0.01694915254
VB84,59,1,0.01694915254
honestgames,57,1,0.01754385965
sestremera,57,1,0.01754385965
2k28Lakers,56,1,0.01785714286
Everyfishknows,56,1,0.01785714286
NodariousBIG,56,1,0.01785714286
Yosha_Iglesias,56,1,0.01785714286
Zhuu96,56,1,0.01785714286
biesiadnik,56,1,0.01785714286
Blackmind96,55,1,0.01818181818
Bodnar_Mykola,55,1,0.01818181818
Kezin_Roman,55,1,0.01818181818
Sulthankan,55,1,0.01818181818
XiaoKangZhong,55,1,0.01818181818
luckyswitchback,55,1,0.01818181818
rk12387,55,1,0.01818181818
Evandro_Barbosa,54,1,0.01851851852
amanjazu,54,1,0.01851851852
missponyo10,54,1,0.01851851852
EAtakishiyev11,53,1,0.01886792453
kripri,53,1,0.01886792453
matenitian,53,1,0.01886792453
secrethawk1,53,1,0.01886792453
Hurghada,52,1,0.01923076923
JacksterThePro,52,1,0.01923076923
ObidObad,52,1,0.01923076923
tomobeast,52,1,0.01923076923
wanderingexplorer,52,1,0.01923076923
Duong57,51,1,0.01960784314
GMTalks_Youtube,51,1,0.01960784314
Rafael_Ventura,51,1,0.01960784314
chika-lily,50,1,0.02
Alopekos,49,1,0.02040816327
Sharan_Rao,49,1,0.02040816327
Zakaryan_David,49,1,0.02040816327
zeitnotakrobat,49,1,0.02040816327
Eeleyah,48,1,0.02083333333
Willhaven3,48,1,0.02083333333
xozr,48,1,0.02083333333
Bad_left_hook,47,1,0.02127659574
ChessFighter_2011,47,1,0.02127659574
Goran_Vajic,47,1,0.02127659574
lilleper1,47,1,0.02127659574
twitchTriniCupid,47,1,0.02127659574
Mikayel99,46,1,0.02173913043
MrMatesM,46,1,0.02173913043
tacticthunder,46,1,0.02173913043
FMJoseHerrera,45,1,0.02222222222
Kislov_Oleg,45,1,0.02222222222
Biranidun,44,1,0.02272727273
Dom1nant1337,44,1,0.02272727273
davidarenas1224,44,1,0.02272727273
lagarto93,44,1,0.02272727273
pasteta13,44,1,0.02272727273
mestrefeitosa19,43,1,0.02325581395
u-art,43,1,0.02325581395
ArrestingPieces,42,1,0.02380952381
SilverCityIndigo,42,1,0.02380952381
UKR_Master,42,1,0.02380952381
WatchUrClock,42,1,0.02380952381
harshu27,42,1,0.02380952381
soloderisas,42,1,0.02380952381
LawrenceTrent,41,1,0.0243902439
zaur-mammadov,41,1,0.0243902439
HenriL,40,1,0.025
waspofborneo,40,1,0.025
Young_Catalan_Player09,39,1,0.02564102564
Danny_Billiards,38,1,0.02631578947
Rubinstein_Akiba,38,1,0.02631578947
Undisputed92,37,1,0.02702702703
VojtechPlat,37,1,0.02702702703
rednova1729,37,1,0.02702702703
samolo,37,1,0.02702702703
johnathan113,36,1,0.02777777778
rrgchessmaster05,36,1,0.02777777778
ChessRespected,35,1,0.02857142857
MaevskiyNikolay,35,1,0.02857142857
Mischuk_D,34,1,0.02941176471
AlivodicDario,33,1,0.0303030303
Ehsan_GhaemMaghami,33,1,0.0303030303
GodDMuhammad,33,1,0.0303030303
VladimirBelous,33,1,0.0303030303
chessablanca,33,1,0.0303030303
BestStelker,32,1,0.03125
Cuajada_Zero,32,1,0.03125
OlegKrivonosov,32,1,0.03125
Qnmeng,32,1,0.03125
Stephenzinho,32,1,0.03125
alvarorodriguezavila,32,1,0.03125
draksbg,32,1,0.03125
ylr5000,32,1,0.03125
ASVZ,31,1,0.03225806452
CaspiIsrael,31,1,0.03225806452
kingandqueen2017,31,1,0.03225806452
Crazy_passion_fruit,30,1,0.03333333333
THE_PLAYER6,30,1,0.03333333333
financieru,30,1,0.03333333333
mirciulica14,30,1,0.03333333333
alexg2003,29,1,0.03448275862
ecwinslow,29,1,0.03448275862
kereswasbest,29,1,0.03448275862
nOcHeaTiNgKiD,29,1,0.03448275862
samidescalona2002,29,1,0.03448275862
Chesscoach_Golichenko,28,1,0.03571428571
CrazyMartian,28,1,0.03571428571
Keranke,28,1,0.03571428571
RaneshRatnesan,28,1,0.03571428571
fadamos,28,1,0.03571428571
qx4z,28,1,0.03571428571
PEACE_POWER,27,1,0.03703703704
ulises2013,27,1,0.03703703704
Alexander_Khlebovich,26,1,0.03846153846
ChessMavenYeti,26,1,0.03846153846
Unmerciful_life,26,1,0.03846153846
osh1ro,25,1,0.04
GM4L,24,1,0.04166666667
Aleksey_Sorokin,23,1,0.04347826087
Raskolnikov6,22,1,0.04545454545
Reality-Stone,22,1,0.04545454545
SchachmattTV_Tobi,22,1,0.04545454545
medinapazmiguel1968,22,1,0.04545454545
meeraa77,22,1,0.04545454545
mshuaau0,22,1,0.04545454545
BM223344,21,1,0.04761904762
GMFYHR1,21,1,0.04761904762
Heineccius,21,1,0.04761904762
SidArun,21,1,0.04761904762
spicycaterpillar,21,1,0.04761904762
zubridis,21,1,0.04761904762
Mostii,20,1,0.05
anon05132,20,1,0.05
lhavas,19,1,0.05263157895
FrenchHarvey,18,1,0.05555555556
jayden960,18,1,0.05555555556
AtabayevSaparmyrat,17,1,0.05882352941
Kaiyrbekov,17,1,0.05882352941
Sychev_Klementy,17,1,0.05882352941
littleplotkin,17,1,0.05882352941
2Killer2,16,1,0.0625
Rakhimzhan_Alen,16,1,0.0625
ayme97,16,1,0.0625
FM-to-GM,15,1,0.06666666667
PacingRope,15,1,0.06666666667
beatles_22,15,1,0.06666666667
FMjchristie,14,1,0.07142857143
Maxterlopez,14,1,0.07142857143
doons21,14,1,0.07142857143
JonahWillow,13,1,0.07692307692
Riku-gan,13,1,0.07692307692
c_minusminus,13,1,0.07692307692
mikheeva86,13,1,0.07692307692
Steven_Rojas,12,1,0.08333333333
Blue_Ratatoeskr,11,1,0.09090909091
Crasyhealer,11,1,0.09090909091
Flash_BJ,11,1,0.09090909091
Pintacara,11,1,0.09090909091
chesstrainer2042,11,1,0.09090909091
halfnatty,11,1,0.09090909091
jumpingknight20,11,1,0.09090909091
LornerAcosta,10,1,0.1
RuppertPumpkin,10,1,0.1
theLazyAnalyst,10,1,0.1
ultranemesis,10,1,0.1
TitarovVasiliYouTube,9,1,0.1111111111
PlymouthArgyle,8,1,0.125
ProphetoftheLord,5,1,0.2
chessking0310,5,1,0.2
anesar92,3,1,0.3333333333