blockedby,username,blockedby_count,blocks_count
827883,Petrovic_Aleksa,3,1
AVolodin,wqws,6,1
AbasovN,lolo9292,1,1
Abund,guillembaches,13,1
AdrianaNikolova,glebus008,2,1
Airquake,TigrVShlyape,12,1
AlejandroPacheco29,levallem,2,1
Aleksey_Sorokin,alexrustemov,13,1
Alex_Terzi,Kopylov_Alex,2,1
Alexander_Moskalenko,Msb2,6,1
AmanteDeMoi,Willi_Skibbe,1,1
Amirreza_p,Yoda1992,2,1
AndreGVH,salomez,2,1
AndreiITrifan,IsuruAlahakoon,3,1
AntonovaNadezhda,AniJak,1,1
Apocalyps999,djokovic74,3,1
Arseniy_Nesterov,lukas_111111,1,1
Azerichess,Macron20hTF1,2,1
Baku_Boulevard,artin10862,6,1
Bala-Afiada,fmshawnrl123,2,1
Balla_Tamas,Arystanner,10,1
Barbus89,norwaytoadog,1,1
Barmen_EV,Sven_Tica,3,1
BashirovKemal,Guzman70,1,1
Bauman_Guy,ChessRespected,1,1
Blitzstream,CMButgood,4,1
BogdanDeac,vi_pranav,17,1
Bykov_Egor,Orest_Vovk,18,1
CheckThis4,Orest_Vovk,18,1
ChessLover0108,alexrustemov,13,1
ChessSwole,arminmusovic,8,1
ChesscularGodofchess,Macron20hTF1,2,1
Chuchofrio1,djano,5,1
ChuckPhil,CMButgood,4,1
DTChess,Kostukov_Alex,4,1
DanielNaroditsky,Orange_Ghost,8,1
DanylaBagrov,midedu,1,1
Defenstrator,Flash_BJ,1,1
Denis_Makhnyov,Vaibhavraut99,4,1
Djager97,Schattman,14,1
DoctorCheckyll,RETURNOFTHELAGGER,3,1
Dom1nant1337,I_am_Javi,1,1
DrVelja,BogdanDeac,4,1
Druid24,Pastore1978,2,1
Durarbayli,Denis_Makhnyov,3,1
Egor_Koshulyan,Leonid_Starozhilov,4,1
Ellaijio_B,TigrVShlyape,12,1
Emeraldddd,BeanScreen,11,1
Everyfishknows,ArchibaldCerveza29,3,1
FEKKET-ESZTER,jacky72,8,1
FMjchristie,Leonid_Starozhilov,4,1
Fan_Of_Chucky,melissa_guez,1,1
Fandorin779,DvaHrasta,6,1
Fernando-Freire,2Killer2,1,1
Fighterman91,stollenmonster,22,1
Filipascu,Rutricks,4,1
Fonsofan,Arystanner,10,1
FormerProdigy,Carnivoras,2,1
Francisco_Ferrari,Kaiyrbekov,1,1
Frolik67,Schattman,14,1
GMTalks_Youtube,MaxLeto,2,1
GM_shahin,GHANDEEVAM2003,7,1
Gabix_94,Schattman,14,1
Galileo22,anon6121824,4,1
Gennady_Kozlov,Aradhya2000,7,1
Gentlejimmy7,pasteta13,1,1
German_Bazeev,GM_dmitrij,4,1
Giorno,VALPARAISO37,12,1
Gogolev_Artemy,pankajfm,3,1
Gold_Ocean,SidArun,1,1
GothamChess,Orest_Vovk,18,1
GrigorGrigorov,Twitch_ElhamBlitz05,8,1
HElissalt,lucasmito,4,1
Harry_Rakkel,mind1mover,1,1
Harsha_Bharathakoti,Chessmissile07,13,1
Heineccius,Schattman,14,1
HeinichessPY,LoydBlankenship,3,1
HeroWilczek,pankajfm,3,1
HrvojeZagreb,guillembaches,13,1
IM_ArthurDW08,TigrVShlyape,12,1
INLOVEWITHF,GalaxyRoman,3,1
Igel2023,Quattroporte300,2,1
Igor_Kowalski,BeanScreen,11,1
Indianlad,temus_galaktionov,3,1
IngOscarArdila,tgpgoat,2,1
IsikCan05,GasconJR,1,1
Ivan11Martic,Schattman,14,1
Izoria123,Jospem,13,1
JakubPulpan,sonicdravise,2,1
Jakuboss22005,Chemim21,1,1
JaloliddinIlkhomi,juancruzarias,1,1
Jordi-Wayne,VALPARAISO37,12,1
Josgar05,bescmelasti,1,1
Joshukid,LoydBlankenship,3,1
KATPAH,cthulhuuu,7,1
Karttunen,Orest_Vovk,18,1
KonstantinB_1983,Orest_Vovk,18,1
KuzubovYuriy,vi_pranav,17,1
LastGladiator1,mbojan,8,1
LuisFSiles,FLYD,3,1
Manukyan_Artak,Korchmar_Vasiliy,8,1
MarcoRiehle,guillembaches,13,1
Markov_Mikhail,DefiantChair,8,1
MerryPoppies,Felix-Rose,6,1
Mesa_1,remi04,3,1
Michelangelo111,Felix-Rose,6,1
Mihajlovskij,AwareIdea,3,1
Mikhail_Golubev,fmshawnrl123,2,1
MrMotley,VALPARAISO37,12,1
Mrlammy,RCone,3,1
NLLO777,c_minusminus,1,1
NateSolon,Schattman,14,1
Nbk90,BetonCarlsen,2,1
Nekoo04,Fan_Of_Chucky,2,1
Nor1lsk,Oleg_Papayan,2,1
NovozhilovSemen,krucki03,1,1
OPQRC,emeli_chess,2,1
OglazaOskar2005,LuisFSiles,1,1
OptimusMagister,Orange_Ghost,8,1
OriTaichman,friesnielsen2302,3,1
Orujov2008,Ginger_GM,3,1
Pastore1978,talaicito,3,1
Pertinhez76,tylityli,2,1
PierrotFace,The_filthy,5,1
ProfessorChess101,guillembaches,13,1
RCone,giomar27,1,1
RJRA94,akanga001,3,1
Rakhmanov_Aleksandr,rasmussvane,4,1
RamonManon0g,guillembaches,13,1
RrainlessBobot,LiamPutnam2008,4,1
Rurep26,lucasmito,4,1
ShadowJolteon,RCone,3,1
ShahMatKanal,Quattroporte300,2,1
Sina_Movahed,Msb2,6,1
SlavenPastar,Cheer_Down,2,1
Smile2005,DrMamaliga,1,1
SmirnovAlexandrA,JeRoma71,3,1
SnekkerAndersen,twitchTriniCupid,1,1
SoCalJuniorChess,NoGalloNoParty,1,1
Sokoloco,SirParistonHill,3,1
StegariuVlad,PEACE_POWER,1,1
Suleyman_Chess06,PLAYER_2006_M,4,1
TRadjabov,EvilMorty23,1,1
Tash_Boy,Vesper2018,4,1
TheBigBoss04,Bulldog167,3,1
TheCavemanChess,mistrzemi,1,1
TheKnightOfBosnia,fugadelafuga,2,1
The_Sherman_Variation,siciliannaga,2,1
Thunderbolt135,alexrustemov,13,1
Tlerus,jraosam,10,1
Treasurechess777,osh1ro,1,1
Trickster_fam,wild3000,2,1
Tugrik1969,cthulhuuu,7,1
Ucitelot,Hirna2005,3,1
UnknownMagician,stasOR4ik,3,1
VSERGUEI,Dacean99,1,1
Vaibhavraut99,Witik,16,1
VitorBronson,AlexandraSamaganova,1,1
Vsevolod_Ovchinnikov,Rurep26,3,1
WPWPWP-2015,vugarrasulov,7,1
Walter_White_Poland,tylityli,2,1
WhiteKnight2612,guillembaches,13,1
Willi_Skibbe,stasOR4ik,3,1
Yurovskykh_Oleksandr,oskariot,6,1
Ziyamammadov,Manukyan_Artak,6,1
Zohid6,ahkashefi2800,1,1
Zq1,Azatic,2,1
a-z30,Schattman,14,1
abykhovsky,Just_Lucky_1,3,1
acertijo08,FMJoseHerrera,1,1
aistrel,m_ezat,4,1
albano87,Veleamater,1,1
alertakobra,FrenchHarvey,1,1
andrzej,Ze-Pequeno,2,1
anon102030,HSH1987,2,1
arminmusovic,DeTimmerman,5,1
bardiya_Daneshvar,TigrVShlyape,12,1
brm72,barbara25,1,1
c63_amg,Lennis93,6,1
ccccvhhhj,oskariot,6,1
cedchass2006,salomez,2,1
chessdragon7161,pokochajszachy,1,1
crazyluzhinTh3,anon102030,2,1
cukin84,Tsyhanchuk_Stanislav,1,1
daro94,vi_pranav,17,1
dcremisi,TheMagician,1,1
denizozen,vi_pranav,17,1
deribas12345,Arystanner,10,1
eagleclaw07,TigrVShlyape,12,1
elchacal664,Slovak_fighter2000,4,1
friesnielsen2302,Chessmissile07,13,1
fu24,Kostya0705,4,1
fugadelafuga,kikoveiga,6,1
gmcorrales,Jospem,13,1
gmjoey1,Mihaiionescu1,1,1
halfnatty,Maxterlopez,1,1
harlem4brew,SanchezKelvin,3,1
hsd2016,Ducke13,1,1
igorkovalenko,the_chess_child,1,1
isaks,GoltsevDmitry2000,14,1
jefferyx,SirMittensofMittensville,4,1
joksijoksi,MusicCityMaster,3,1
jup1978,alexrustemov,13,1
karinachess1,adotand,2,1
kflorian98,oskariot,6,1
komogro,jraosam,10,1
koncheto,Schattman,14,1
krasavetc,CSB7,5,1
kuruhuru,MYMChessAcademy,2,1
kushagramohan,Hasangatin_Ramil,2,1
kuzol,IsuruAlahakoon,3,1
lavr92,Fonsofan,2,1
leschebaza,biostatistician,9,1
lolo9292,ChessLebaneseSalah,2,1
londonkid,inagreV,3,1
manitodeplomo,KarateBaby,2,1
mary-sanna,cthulhuuu,7,1
masterofpuppets2,jaskol95,4,1
meoluoi91,amylazy,1,1
moro182,MVM2008,2,1
neilbhav,akanga001,3,1
nihalsarin,NikoTheodorou,1,1
penguingm1,VALPARAISO37,12,1
poummba,jup1978,1,1
redbaron8888,jraosam,10,1
rednova1729,oskariot,6,1
rogapa,Azoulas1,3,1
romulocardoso,Vsevolod_Ovchinnikov,1,1
santosalberto1987,kingofthenil,8,1
shirovin,ProphetoftheLord,1,1
slavenok,FuenfgegenWilly,1,1
sokidze,guillembaches,13,1
starworld123,dawid498,1,1
talaicito,KorolDimitriy75,5,1
tdf98pantani,Russian_berezka,4,1
temiksmozg,Kostukov_Alex,4,1
tgpgoat,ShahxaibKhan,3,1
topin8,Sychev_Klementy,1,1
valemava,HajiyevKanan,4,1
vidavi,PositionalPanther,2,1
viktorgen2021,mjelcic,2,1
visa,Hirna2005,3,1
vovachesss,PolandHussars,1,1
whitemirrorninja,BeautiFullMindChess,1,1
wild3000,AlivodicDario,1,1
zaur-mammadov,GM4L,1,1
2KRK1,DvaHrasta,6,2
2KRK1,m_ezat,4,2
AlexPapasimakopoulos,fugadelafuga,2,2
AlexPapasimakopoulos,noblerone,1,2
Alexander_Donchenko,Jospem,13,2
Alexander_Donchenko,mbachez,3,2
Alexchess1984,KononenkoD,5,2
Alexchess1984,Orest_Vovk,18,2
Andrej2004,Piotrek1979,1,2
Andrej2004,Sulthankan,1,2
AradNazari,Barmen_EV,2,2
AradNazari,Mr_ruthless,3,2
AwareIdea,SpongeBob_03,2,2
AwareIdea,andrzej,1,2
Bad_left_hook,Chessmissile07,13,2
Bad_left_hook,Sattarov_Bobur,4,2
Baronessa08,VALPARAISO37,12,2
Baronessa08,Zurability,2,2
ChessWarrior7197,GadimbayliA,1,2
ChessWarrior7197,MikaelyanArman,3,2
Chesstar,AleksandrAleksikov,2,2
Chesstar,milovichalex,2,2
CrazyMartian,Ze-Pequeno,2,2
CrazyMartian,wqws,6,2
DrMamaliga,Lion-Al-Messi,4,2
DrMamaliga,shirovin,3,2
Firouzja2003,Angry_Twin,5,2
Firouzja2003,GM_dmitrij,4,2
Fore_Man,cande_francisco,1,2
Fore_Man,jraosam,10,2
FredddieCroderg,Andrii_Prydun,2,2
FredddieCroderg,SaqoChess_Twitch,8,2
GMBenjaminBok,Bilan_Danila,6,2
GMBenjaminBok,Shuvalov,6,2
GiorgianBarbosa,Orest_Vovk,18,2
GiorgianBarbosa,momotaro77,1,2
Goi_Manne,Rgoltsman,1,2
Goi_Manne,powermove,2,2
Incognito_Knight,Haykoooo0o,3,2
Incognito_Knight,LoaySameer,1,2
JSPrepz,Alexei_Gubajdullin,10,2
JSPrepz,x-5963514717,2,2
JeRoma71,ChessicallyInclined,4,2
JeRoma71,GalaxyRoman,3,2
Jumbo,Markov_Mikhail,2,2
Jumbo,SaqoChess_Twitch,8,2
Khromkin,NovozhilovSemen,3,2
Khromkin,Orujov2008,1,2
KononenkoD,Nbk90,1,2
KononenkoD,vovachesss,6,2
KorolDimitriy75,PlymouthArgyle,1,2
KorolDimitriy75,tandercat,1,2
LiamPutnam2008,German_Bazeev,11,2
LiamPutnam2008,Rakitic2010,1,2
Lovinski,TreinadorBR,1,2
Lovinski,ibove,1,2
MalyDominator,AlmasChampion1,2,2
MalyDominator,Ditman2007,1,2
Margency,VALPARAISO37,12,2
Margency,micke12a,3,2
Msb2,JeRoma71,3,2
Msb2,demon64fields,1,2
Nadtkins,Haykoooo0o,3,2
Nadtkins,MVM2008,2,2
Nesty_Javi_Chess,ApacheSVD,1,2
Nesty_Javi_Chess,SirParistonHill,3,2
Nicolas_DeLaColina,BM223344,1,2
Nicolas_DeLaColina,Manukyan_Artak,6,2
NoGalloNoParty,jorquerino,1,2
NoGalloNoParty,vova-79,1,2
NotYetFinish,Cayse,2,2
NotYetFinish,daika91,1,2
NowInChess,CMButgood,4,2
NowInChess,CM_rui,3,2
OlegKrivonosov,MessiKingdom,3,2
OlegKrivonosov,Mikedannnn,1,2
Parhamov,Rud_Makarian,15,2
Parhamov,anon6121824,4,2
PolandHussars,Aygehovit1992,3,2
PolandHussars,vovachesss,6,2
PositionalPanther,BlueWizzard,4,2
PositionalPanther,Orest_Vovk,18,2
Roedor,Manukyan_Artak,6,2
Roedor,carokannlover213,3,2
Rsnr,Anton_Demchenko,2,2
Rsnr,Sychev_on_YouTube,1,2
Rumpel-VK,Hamisandwich,1,2
Rumpel-VK,KorolDimitriy75,5,2
SAInt_666,komogro,3,2
SAInt_666,ploddingpawn,1,2
Sattarov_Bobur,Road2GM3000,2,2
Sattarov_Bobur,psychokiller48,2,2
Schwarzschidl,oskariot,6,2
Schwarzschidl,theLazyAnalyst,1,2
Sergey85Rodchenkov,muchojogo,1,2
Sergey85Rodchenkov,xozr,1,2
Shepa2017,Aleksandar-Topalov,4,2
Shepa2017,IngOscarArdila,5,2
ShiroglanTalibov,Keranke,1,2
ShiroglanTalibov,vi_pranav,17,2
SirMittensofMittensville,Chessmissile07,13,2
SirMittensofMittensville,Twitch_ElhamBlitz05,8,2
Sl4werThanYou,Goffredo_Fofi,1,2
Sl4werThanYou,stollenmonster,22,2
Sychev_on_YouTube,IwkooO,2,2
Sychev_on_YouTube,vladoboch,3,2
ViIIagra,averageFM,1,2
ViIIagra,scandalgod,1,2
VitaliyBernadskiy,GHANDEEVAM2003,7,2
VitaliyBernadskiy,Witik,16,2
WildTricks,koncheto,4,2
WildTricks,seramoral,3,2
WilsonPalencia21,Nick12772,1,2
WilsonPalencia21,newyorkmouse,5,2
XDPS,TigrVShlyape,12,2
XDPS,arminmusovic,8,2
XxPetroffsxX,SHIVACalypso,3,2
XxPetroffsxX,WelshTiger,1,2
artin10862,Lion-Al-Messi,4,2
artin10862,NovozhilovSemen,3,2
catzapto,monkins,1,2
catzapto,rionelG,2,2
demon64fields,Maxfan2008,2,2
demon64fields,soloderisas,1,2
elamier,nicolochessit,1,2
elamier,poluprovodnik01,1,2
giomar27,JoliyRoger,3,2
giomar27,missponyo10,1,2
hellokostya,Schattman,14,2
hellokostya,slorovel,3,2
koziororo,SirParistonHill,3,2
koziororo,krasavetc,2,2
mishanick,Nemegejas,2,2
mishanick,Orange_Ghost,8,2
nindjaxx8,rezamahdavi2008,5,2
nindjaxx8,rychessmaster1,3,2
noblerone,SirMittensofMittensville,4,2
noblerone,Young_Catalan_Player09,1,2
ozates,Zavgorodniy_Sergiy,2,2
ozates,turayev_shahruh17,2,2
qqwow,VALPARAISO37,12,2
qqwow,WinOrTilt,2,2
randomo,DonBroca,1,2
randomo,SEBAZZANO,1,2
splendidkid,Sharan_Rao,1,2
splendidkid,seramoral,3,2
topce,ChessSwole,1,2
topce,DKmirl,1,2
u-art,SchachmattTV_Tobi,1,2
u-art,VB84,1,2
vladgoncharov,TrahtarBelarus,4,2
vladgoncharov,lucasmito,4,2
wannabe2700,Jospem,13,2
wannabe2700,Rsnr,2,2
whiteglovethief,Alexei_Gubajdullin,10,2
whiteglovethief,artin10862,6,2
13MiRacLe,Elsa167,3,3
13MiRacLe,Legendinunknown,6,3
13MiRacLe,mouniouboun,1,3
2Tilted,Enriquack,1,3
2Tilted,Manukyan_Artak,6,3
2Tilted,forevery0ung,2,3
Ajedrez_con_German,Eduard_Limonov,4,3
Ajedrez_con_German,YellowJacek,2,3
Ajedrez_con_German,jinxy2009,2,3
Alex_Banzea,German_Bazeev,11,3
Alex_Banzea,stollenmonster,22,3
Alex_Banzea,zajka-molotok,2,3
Angry_Twin,BeanScreen,11,3
Angry_Twin,GMG,2,3
Angry_Twin,Mikasinski,4,3
Bilan_Danila,Mr_Heisenberg13,2,3
Bilan_Danila,OglazaOskar2005,2,3
Bilan_Danila,biostatistician,9,3
CarlosAlbornoz,Azoulas1,3,3
CarlosAlbornoz,Journey_to_GrandMaster_YT,2,3
CarlosAlbornoz,The_Machine04,3,3
Chessexplained,Vladimir_Zakhartsov,2,3
Chessexplained,XDPS,4,3
Chessexplained,ural58,4,3
DenishevM,Orest_Vovk,18,3
DenishevM,TigrVShlyape,12,3
DenishevM,sofaceindisguise,7,3
Dyadya81,JimDiGrease,7,3
Dyadya81,bazar-wokzal,12,3
Dyadya81,isaak2009,1,3
Fandorine,Jospem,13,3
Fandorine,MITerryble,4,3
Fandorine,stollenmonster,22,3
Forge13,ErikRonka,4,3
Forge13,JERO-8914,1,3
Forge13,MBA_CHESS_2021,2,3
GM_dmitrij,GianmarcoVaR,5,3
GM_dmitrij,Sattarov_Bobur,4,3
GM_dmitrij,alexrustemov,13,3
GoltsevDmitry2000,Witik,16,3
GoltsevDmitry2000,Zorbos,1,3
GoltsevDmitry2000,vanyakuba,2,3
GradualismUnleashed,Bilan_Danila,6,3
GradualismUnleashed,DonJuanEGenaro,1,3
GradualismUnleashed,js20000,2,3
Haykoooo0o,LiamPutnam2008,4,3
Haykoooo0o,Viacheslav92,1,3
Haykoooo0o,biostatistician,9,3
Hikaru,Angry_Twin,5,3
Hikaru,bascheyaro,6,3
Hikaru,igorkovalenko,1,3
HouseOfDurin,Azoulas1,3,3
HouseOfDurin,NateSolon,3,3
HouseOfDurin,SpongeBob_03,2,3
Iball95,bazar-wokzal,12,3
Iball95,jaskol95,4,3
Iball95,ljm509,3,3
JoliyRoger,Real_taiatai,3,3
JoliyRoger,Sadykov_Ramil,3,3
JoliyRoger,Stephenzinho,1,3
Kildepiotr,arminmusovic,8,3
Kildepiotr,larsmandreassen,1,3
Kildepiotr,vinniethepooh,2,3
Langua_Chess,HouseOfDurin,2,3
Langua_Chess,Marcus_Harvey,4,3
Langua_Chess,ljm509,3,3
MITerryble,0gZPanda,4,3
MITerryble,CaptainCasanova,2,3
MITerryble,MolecularChemist,3,3
MYMChessAcademy,ChessFanNM,1,3
MYMChessAcademy,blueryder,2,3
MYMChessAcademy,campochess,1,3
Maksimus1998,Twitch_ElhamBlitz05,8,3
Maksimus1998,Witik,16,3
Maksimus1998,koziororo,4,3
Marcin,Garmendiarov,1,3
Marcin,powermove,2,3
Marcin,talaicito,3,3
Marcus_Harvey,Athanasios2,2,3
Marcus_Harvey,alexrustemov,13,3
Marcus_Harvey,kuli4ik,1,3
Mischuk_D,BlueWizzard,4,3
Mischuk_D,VladyC,1,3
Mischuk_D,ozates,3,3
NelsonLinda,Laico,1,3
NelsonLinda,cthulhuuu,7,3
NelsonLinda,ploxoi,1,3
Nf3c5,KorolDimitriy75,5,3
Nf3c5,guillembaches,13,3
Nf3c5,jraosam,10,3
SantoBlue,Arystanner,10,3
SantoBlue,TheBigBoss04,4,3
SantoBlue,grzechu96,2,3
Squirlolz,DeTimmerman,5,3
Squirlolz,Dzidzik2203,2,3
Squirlolz,MusicCityMaster,3,3
TanitoluwaAps116,Orest_Vovk,18,3
TanitoluwaAps116,ThePeacefulPanda,1,3
TanitoluwaAps116,burbur555,2,3
The_filthy,Chessbard1972,2,3
The_filthy,Walter_White_Poland,1,3
The_filthy,mshuaau0,1,3
Tramontanaaa,Doomfist26,3,3
Tramontanaaa,Just_Lucky_1,3,3
Tramontanaaa,Samatsa,1,3
YellowJacek,Andrei_Skvortsov,10,3
YellowJacek,becemix,1,3
YellowJacek,newyorkmouse,5,3
colegiodemadrid,ATM622,1,3
colegiodemadrid,Andrei_Skvortsov,10,3
colegiodemadrid,HanSchut,2,3
frederiksvane,FaustinoOro,3,3
frederiksvane,Lennis93,6,3
frederiksvane,kingofthenil,8,3
nOcHeaTiNgKiD,cristiano78,2,3
nOcHeaTiNgKiD,glebus008,2,3
nOcHeaTiNgKiD,komogro,3,3
nevmenko,Jadeit90,2,3
nevmenko,NateSolon,3,3
nevmenko,jeloma,2,3
shimastream,JimDiGrease,7,3
shimastream,Russian_berezka,4,3
shimastream,stollenmonster,22,3
stolencandy13,ElenGajger,1,3
stolencandy13,German_Bazeev,11,3
stolencandy13,NigelDwarf,1,3
zverr1,PapaieDudu,1,3
zverr1,SergioMoralesG,1,3
zverr1,TanitoluwaAps116,8,3
Arystanner,GoltsevDmitry2000,14,4
Arystanner,NodariousBIG,1,4
Arystanner,Tehni4arce,2,4
Arystanner,vi_pranav,17,4
BENO_CHESS,CarlssonLudvig,2,4
BENO_CHESS,Chessmissile07,13,4
BENO_CHESS,jeloma,2,4
BENO_CHESS,marik_spb,1,4
BeardedNM,Gentlejimmy7,3,4
BeardedNM,PierrotFace,1,4
BeardedNM,PushingpawnsNYC,1,4
BeardedNM,akinov-akinseye,1,4
Bigfish1995,Gabix_94,1,4
Bigfish1995,Njal28,6,4
Bigfish1995,Sina_Movahed,8,4
Bigfish1995,champ2005,4,4
JimDiGrease,BardArtem,2,4
JimDiGrease,DNextEpisode,3,4
JimDiGrease,Rud_Makarian,15,4
JimDiGrease,seopie,3,4
Kirill_Klukin,ChessLover0108,1,4
Kirill_Klukin,Elsa167,3,4
Kirill_Klukin,McCarthyStone,1,4
Kirill_Klukin,Twitch_ElhamBlitz05,8,4
MatthewG-p4p,KChor05,5,4
MatthewG-p4p,Ncatt,2,4
MatthewG-p4p,Vusatiuk_Vladimir,1,4
MatthewG-p4p,dropstoneDP,6,4
MetiForce,GHANDEEVAM2003,7,4
MetiForce,Statham_l3,1,4
MetiForce,dropstoneDP,6,4
MetiForce,mbojan,8,4
Orest_Vovk,Djager97,2,4
Orest_Vovk,HouseOfDurin,2,4
Orest_Vovk,OglazaOskar2005,2,4
Orest_Vovk,esrosenberg,5,4
Salem-AR,GoltsevDmitry2000,14,4
Salem-AR,Orange_Ghost,8,4
Salem-AR,Twitch_ElhamBlitz05,8,4
Salem-AR,vi_pranav,17,4
Tactrics,BogdanDeac,4,4
Tactrics,DamianoLew95,3,4
Tactrics,Indianlad,1,4
Tactrics,Jospem,13,4
Tolyanius,03revilo,1,4
Tolyanius,Schattman,14,4
Tolyanius,ViralduS,2,4
Tolyanius,kripri,1,4
ValentinDragnev,Alexei_Gubajdullin,10,4
ValentinDragnev,KononenkoD,5,4
ValentinDragnev,alexrustemov,13,4
ValentinDragnev,santosalberto1987,3,4
Veleamater,Giorno,2,4
Veleamater,Perdomov,3,4
Veleamater,WPWPWP-2015,4,4
Veleamater,almaguerjm,1,4
VladimirKramnik,Beca95,1,4
VladimirKramnik,Oleksandr_Bortnyk,4,4
VladimirKramnik,Polish_fighter3000,2,4
VladimirKramnik,kingofthenil,8,4
Zavgorodniy_Sergiy,Aygehovit1992,3,4
Zavgorodniy_Sergiy,MatthewG-p4p,2,4
Zavgorodniy_Sergiy,Ranindu2003,2,4
Zavgorodniy_Sergiy,chessking0310,1,4
biostatistician,GM_dmitrij,4,4
biostatistician,Orange_Ghost,8,4
biostatistician,frederiksvane,4,4
biostatistician,vinniethepooh,2,4
burbur555,GalaxyRoman,3,4
burbur555,HATilay,2,4
burbur555,TanitoluwaAps116,8,4
burbur555,Witik,16,4
dawid498,Eternauta2400,2,4
dawid498,RobertoJBM,8,4
dawid498,Rosh1610,2,4
dawid498,dmitrijiIM,3,4
kleinebeer98,DenLaz,6,4
kleinebeer98,Rud_Makarian,15,4
kleinebeer98,SerGo055,1,4
kleinebeer98,brm72,2,4
mind1mover,Aradhya2000,7,4
mind1mover,draksbg,1,4
mind1mover,mbojan,8,4
mind1mover,topce,2,4
psychokiller48,Chessmissile07,13,4
psychokiller48,JonahWillow,1,4
psychokiller48,XDPS,4,4
psychokiller48,snowlord,4,4
sofaceindisguise,Bulldog167,3,4
sofaceindisguise,ShiroglanTalibov,7,4
sofaceindisguise,alexrustemov,13,4
sofaceindisguise,biostatistician,9,4
2k28Lakers,BozeKat,1,5
2k28Lakers,Byniolus,4,5
2k28Lakers,Fore_Man,1,5
2k28Lakers,jraosam,10,5
2k28Lakers,kingofthenil,8,5
Athanasios2,Irishchessman16,1,5
Athanasios2,StoreySniper,1,5
Athanasios2,TST2014,3,5
Athanasios2,davidarenas1224,1,5
Athanasios2,manitodeplomo,2,5
DeTimmerman,Chessmissile07,13,5
DeTimmerman,GoltsevDmitry2000,14,5
DeTimmerman,Rud_Makarian,15,5
DeTimmerman,arminmusovic,8,5
DeTimmerman,tdf98pantani,2,5
DonkyDonkyDonkey,AldokhinIvan,4,5
DonkyDonkyDonkey,FGHSMN,2,5
DonkyDonkyDonkey,Sven_Tica,3,5
DonkyDonkyDonkey,Zkid,4,5
DonkyDonkyDonkey,friesnielsen2302,3,5
GMWSO,DenLaz,6,5
GMWSO,Maestro1986,1,5
GMWSO,Real_taiatai,3,5
GMWSO,Rud_Makarian,15,5
GMWSO,Sina_Movahed,8,5
Makswolf200817,ExchangeAB,1,5
Makswolf200817,Kostukov_Alex,4,5
Makswolf200817,Mr_ruthless,3,5
Makswolf200817,Tssunami,1,5
Makswolf200817,crosky,1,5
Mykola-Bortnyk,German_Bazeev,11,5
Mykola-Bortnyk,SantoBlue,3,5
Mykola-Bortnyk,Witik,16,5
Mykola-Bortnyk,alexrustemov,13,5
Mykola-Bortnyk,vugarrasulov,7,5
Russian_berezka,Chuchofrio1,1,5
Russian_berezka,Payyappat,1,5
Russian_berezka,SilverCityIndigo,1,5
Russian_berezka,cthulhuuu,7,5
Russian_berezka,jraosam,10,5
The_Machine04,Mikhal867,1,5
The_Machine04,Szparu,3,5
The_Machine04,VALPARAISO37,12,5
The_Machine04,abc_xyz4744,1,5
The_Machine04,ljm509,3,5
The_Straightforward_Rook,BeanScreen,11,5
The_Straightforward_Rook,Flaccidmoves,3,5
The_Straightforward_Rook,Inepton_Fermion,2,5
The_Straightforward_Rook,koncheto,4,5
The_Straightforward_Rook,snowlord,4,5
Viacheslav92,Byniolus,4,5
Viacheslav92,VitorBronson,3,5
Viacheslav92,blitzking1729,3,5
Viacheslav92,rezamahdavi2008,5,5
Viacheslav92,stollenmonster,22,5
baki83,ChristopherYoo,1,5
baki83,Duhless,3,5
baki83,MagnusCarlsen,1,5
baki83,Ol_Bilych,3,5
baki83,stollenmonster,22,5
howitzer14,ArtemDyachuk,5,5
howitzer14,GoltsevDmitry2000,14,5
howitzer14,Mops_2004,4,5
howitzer14,Sunny_Star,1,5
howitzer14,vi_pranav,17,5
kuli4ik,Daffidollchess2,1,5
kuli4ik,Dzidzik2203,2,5
kuli4ik,IwkooO,2,5
kuli4ik,Marcus_Harvey,4,5
kuli4ik,Msb2,6,5
mac0504,Alex_Sahakyan2006,2,5
mac0504,ChadBiryani,1,5
mac0504,GianmarcoVaR,5,5
mac0504,kai_nov,2,5
mac0504,rdarruda,4,5
mbojan,Orange_Ghost,8,5
mbojan,RobertoJBM,8,5
mbojan,Witik,16,5
mbojan,iliaguevnisim,3,5
mbojan,stollenmonster,22,5
micke12a,FLYD,3,5
micke12a,TanitoluwaAps116,8,5
micke12a,Tpros,3,5
micke12a,gordonzyxu,2,5
micke12a,vishwa_vijeta,2,5
nicoderboss24,BahadirOzen,1,5
nicoderboss24,Resignify,3,5
nicoderboss24,Sven_Tica,3,5
nicoderboss24,jayden960,1,5
nicoderboss24,shirovin,3,5
rezamahdavi2008,Cuajada_Zero,1,5
rezamahdavi2008,Druid24,5,5
rezamahdavi2008,Flaccidmoves,3,5
rezamahdavi2008,TheoSlade,2,5
rezamahdavi2008,colegiodemadrid,1,5
stollenmonster,Bigfish1995,4,5
stollenmonster,HansOnTwitch,5,5
stollenmonster,Sweafty,1,5
stollenmonster,alexrustemov,13,5
stollenmonster,kikoveiga,6,5
vi_pranav,Akewjon,2,5
vi_pranav,Azeryahu,2,5
vi_pranav,MolecularChemist,3,5
vi_pranav,cassoulet,2,5
vi_pranav,daro94,2,5
DrCeltic,ASVZ,1,6
DrCeltic,BeardedNM,1,6
DrCeltic,SaqoChess_Twitch,8,6
DrCeltic,Thormento16,1,6
DrCeltic,el_sporco,1,6
DrCeltic,infinitegiantkiller,5,6
DryCounty,0gZPanda,4,6
DryCounty,BeanScreen,11,6
DryCounty,VALPARAISO37,12,6
DryCounty,WPWPWP-2015,4,6
DryCounty,rezamahdavi2008,5,6
DryCounty,stollenmonster,22,6
GAusal,KononenkoD,5,6
GAusal,MaxLeto,2,6
GAusal,RamyresCoelho,1,6
GAusal,Rosh1610,2,6
GAusal,The_filthy,5,6
GAusal,cristiano78,2,6
Ol_Bilych,German_Bazeev,11,6
Ol_Bilych,Sanan_Sjugirov,2,6
Ol_Bilych,TimofeevAr,1,6
Ol_Bilych,alexrustemov,13,6
Ol_Bilych,dropstoneDP,6,6
Ol_Bilych,stollenmonster,22,6
Real_OceanStorm,Casper,1,6
Real_OceanStorm,Kislov_Oleg,1,6
Real_OceanStorm,MITerryble,4,6
Real_OceanStorm,ellatambien,2,6
Real_OceanStorm,korbul,1,6
Real_OceanStorm,mortngabriel,1,6
RobertoJBM,Chesscoach_Golichenko,1,6
RobertoJBM,Hope_6,2,6
RobertoJBM,Lennis93,6,6
RobertoJBM,Rud_Makarian,15,6
RobertoJBM,Szparu,3,6
RobertoJBM,attack2mateU,3,6
Tobias_Koelle,ArtemDyachuk,5,6
Tobias_Koelle,GMFYHR1,1,6
Tobias_Koelle,Iball95,4,6
Tobias_Koelle,Kotofeyca,1,6
Tobias_Koelle,guilty93,2,6
Tobias_Koelle,levallem,2,6
eljanov,Arystanner,10,6
eljanov,BrandonJacobson,2,6
eljanov,ShiroglanTalibov,7,6
eljanov,joppie2,1,6
eljanov,tptagain,2,6
eljanov,vi_pranav,17,6
exoticprincess,Duhless,3,6
exoticprincess,GoltsevDmitry2000,14,6
exoticprincess,Legendinunknown,6,6
exoticprincess,MITerryble,4,6
exoticprincess,MarcoRiehle,3,6
exoticprincess,Rud_Makarian,15,6
korbul,DIMONBANAN,1,6
korbul,FLYD,3,6
korbul,a-z30,1,6
korbul,davigator,1,6
korbul,kinga2008,1,6
korbul,vi_pranav,17,6
m_ezat,Chessdreamer2020,5,6
m_ezat,DNextEpisode,3,6
m_ezat,GAZZAN_3000,3,6
m_ezat,ShiroglanTalibov,7,6
m_ezat,Witik,16,6
m_ezat,tolimachess,1,6
realburq,Rutricks,4,6
realburq,TanitoluwaAps116,8,6
realburq,ferrufino64,1,6
realburq,kingandqueen2017,1,6
realburq,milovichalex,2,6
realburq,tgpgoat,2,6
vladislavkovalev,Bigfish1995,4,6
vladislavkovalev,Bilan_Danila,6,6
vladislavkovalev,DTChess,4,6
vladislavkovalev,RuppertPumpkin,1,6
vladislavkovalev,champ2005,4,6
vladislavkovalev,dcremisi,1,6
ChessShop,BENO_CHESS,2,7
ChessShop,DTChess,4,7
ChessShop,Korchmar_Vasiliy,8,7
ChessShop,Vaibhavraut99,4,7
ChessShop,jacky72,8,7
ChessShop,sokidze,3,7
ChessShop,vovachesss,6,7
GalaxyRoman,Djager97,2,7
GalaxyRoman,Dragon_Dmitry,2,7
GalaxyRoman,Duong57,1,7
GalaxyRoman,DvaHrasta,6,7
GalaxyRoman,Fh2411,1,7
GalaxyRoman,crazy_but_lazy,4,7
GalaxyRoman,zeitnotakrobat,1,7
HajiyevKanan,Herzog2012,1,7
HajiyevKanan,IngOscarArdila,5,7
HajiyevKanan,Pawnpusherschessaccademy,1,7
HajiyevKanan,Road2GM3000,2,7
HajiyevKanan,WildTricks,1,7
HajiyevKanan,bennyficial,1,7
HajiyevKanan,workhard91,1,7
KrolPawel92OnTwitch,AlmasChampion1,2,7
KrolPawel92OnTwitch,AwareIdea,3,7
KrolPawel92OnTwitch,GoltsevDmitry2000,14,7
KrolPawel92OnTwitch,Jadeit90,2,7
KrolPawel92OnTwitch,JaloliddinIlkhomi,3,7
KrolPawel92OnTwitch,mishanick,5,7
KrolPawel92OnTwitch,rednova1729,1,7
Njal28,DonkyDonkyDonkey,4,7
Njal28,DuleMudule,4,7
Njal28,K_A_S_T_O_R,1,7
Njal28,Shield12,4,7
Njal28,ShiroglanTalibov,7,7
Njal28,Zhuu96,1,7
Njal28,vugarrasulov,7,7
ritanovikova,Cristi_Coca,1,7
ritanovikova,KVAIDAN,2,7
ritanovikova,Kielinkei,1,7
ritanovikova,Ncatt,2,7
ritanovikova,aa175,4,7
ritanovikova,laskakid,1,7
ritanovikova,ural58,4,7
zouchen6,CMButgood,4,7
zouchen6,DamianoLew95,3,7
zouchen6,Reader777,3,7
zouchen6,TanitoluwaAps116,8,7
zouchen6,VALPARAISO37,12,7
zouchen6,aghasiyevkamal,3,7
zouchen6,chessisveryfun1264,2,7
Aborigen_came,ArchibaldCerveza29,3,8
Aborigen_came,HajiyevKanan,4,8
Aborigen_came,KChor05,5,8
Aborigen_came,KarateBaby,2,8
Aborigen_came,Mr_ruthless,3,8
Aborigen_came,Orest_Vovk,18,8
Aborigen_came,biostatistician,9,8
Aborigen_came,guillembaches,13,8
PavelChernomordik,AradNazari,5,8
PavelChernomordik,BeanScreen,11,8
PavelChernomordik,Schattman,14,8
PavelChernomordik,Shuvalov,6,8
PavelChernomordik,Witik,16,8
PavelChernomordik,arminmusovic,8,8
PavelChernomordik,dirk_da_player,2,8
PavelChernomordik,x-3738459472,1,8
econpower,HansOnTwitch,5,8
econpower,Rud_Makarian,15,8
econpower,TST2014,3,8
econpower,TanitoluwaAps116,8,8
econpower,anon102030,2,8
econpower,chito89,2,8
econpower,krstulov_alex,1,8
econpower,shimastream,1,8
levallem,Bilan_Danila,6,8
levallem,FMjchristie,1,8
levallem,Hoshka,2,8
levallem,Ready4abattle,3,8
levallem,Real_taiatai,3,8
levallem,Trovita84,1,8
levallem,ljuks68,2,8
levallem,viktorgen2021,2,8
oskariot,DanielDardha2005,2,8
oskariot,Korchmar_Vasiliy,8,8
oskariot,Rud_Makarian,15,8
oskariot,Slovak_fighter2000,4,8
oskariot,biostatistician,9,8
oskariot,c63_amg,1,8
oskariot,londonkid,2,8
oskariot,x-5963514717,2,8
Cheer_Down,Aleksandar-Topalov,4,9
Cheer_Down,AnaKuchava,1,9
Cheer_Down,FM-to-GM,1,9
Cheer_Down,GeorgiosSouleidis,3,9
Cheer_Down,Ramosha,2,9
Cheer_Down,gueraumasague,1,9
Cheer_Down,guillembaches,13,9
Cheer_Down,slorovel,3,9
Cheer_Down,whiteglovethief,2,9
Ze-Pequeno,CrazyMartian,1,9
Ze-Pequeno,Dilshad92,2,9
Ze-Pequeno,DvaHrasta,6,9
Ze-Pequeno,Good_Knight_Kiss,2,9
Ze-Pequeno,KVAIDAN,2,9
Ze-Pequeno,KamilGrycel,1,9
Ze-Pequeno,esrosenberg,5,9
Ze-Pequeno,friesnielsen2302,3,9
Ze-Pequeno,zenitushka,1,9
Zhigalko_Sergei,AkibaRubi,1,9
Zhigalko_Sergei,BeanScreen,11,9
Zhigalko_Sergei,DefiantChair,8,9
Zhigalko_Sergei,Lennis93,6,9
Zhigalko_Sergei,Oleksandr_Bortnyk,4,9
Zhigalko_Sergei,PLAYER_2006_M,4,9
Zhigalko_Sergei,TheRealGmochey,3,9
Zhigalko_Sergei,iliaguevnisim,3,9
Zhigalko_Sergei,kingofthenil,8,9
sergiochess83,Elsa167,3,9
sergiochess83,GHANDEEVAM2003,7,9
sergiochess83,HansOnTwitch,5,9
sergiochess83,IlyaGrigorjev,2,9
sergiochess83,Jospem,13,9
sergiochess83,Sina_Movahed,8,9
sergiochess83,Tactrics,3,9
sergiochess83,sofaceindisguise,7,9
sergiochess83,vi_pranav,17,9
JordanLoyd2020,DeTimmerman,5,10
JordanLoyd2020,Defenstrator,2,10
JordanLoyd2020,Gentlejimmy7,3,10
JordanLoyd2020,GoltsevDmitry2000,14,10
JordanLoyd2020,HrvojeZagreb,3,10
JordanLoyd2020,SaqoChess_Twitch,8,10
JordanLoyd2020,anon6121824,4,10
JordanLoyd2020,blueryder,2,10
JordanLoyd2020,iliaguevnisim,3,10
JordanLoyd2020,stollenmonster,22,10
Leonid_Starozhilov,Arek_pacitan,2,10
Leonid_Starozhilov,Battlecruiser_Operational,2,10
Leonid_Starozhilov,Joshukid,1,10
Leonid_Starozhilov,Jospem,13,10
Leonid_Starozhilov,MeesvanOsch,1,10
Leonid_Starozhilov,WhiteKnight2612,5,10
Leonid_Starozhilov,alexrustemov,13,10
Leonid_Starozhilov,guillembaches,13,10
Leonid_Starozhilov,stollenmonster,22,10
Leonid_Starozhilov,vovachesss,6,10
Oleksandr_Bortnyk,AradNazari,5,10
Oleksandr_Bortnyk,ArtemDyachuk,5,10
Oleksandr_Bortnyk,Bauman_Guy,4,10
Oleksandr_Bortnyk,PacingRope,1,10
Oleksandr_Bortnyk,Sokoloco,5,10
Oleksandr_Bortnyk,Twitch_ElhamBlitz05,8,10
Oleksandr_Bortnyk,frederiksvane,4,10
Oleksandr_Bortnyk,kingofthenil,8,10
Oleksandr_Bortnyk,seramoral,3,10
Oleksandr_Bortnyk,zverr1,1,10
SanchezKelvin,Alphafischer2019,3,10
SanchezKelvin,Andrei_Skvortsov,10,10
SanchezKelvin,Dontmesswithme_2,1,10
SanchezKelvin,Itk04,4,10
SanchezKelvin,Korchmar_Vasiliy,8,10
SanchezKelvin,Riku-gan,1,10
SanchezKelvin,Wizard_97,2,10
SanchezKelvin,fabianvivasz,2,10
SanchezKelvin,ritanovikova,1,10
SanchezKelvin,vladoboch,3,10
anon6121824,Artyom_ChessMate,1,10
anon6121824,Bigfish1995,4,10
anon6121824,CrushingKings,3,10
anon6121824,DenLaz,6,10
anon6121824,GAZZAN_3000,3,10
anon6121824,MarcoRiehle,3,10
anon6121824,Njal28,6,10
anon6121824,Sl4werThanYou,2,10
anon6121824,dropstoneDP,6,10
anon6121824,jacky72,8,10
ckgchess,AwareIdea,3,10
ckgchess,Crazy_girl99,1,10
ckgchess,HamedWafa4,1,10
ckgchess,MightyGMpretender,4,10
ckgchess,ShiroglanTalibov,7,10
ckgchess,albayo,1,10
ckgchess,balachess2006,2,10
ckgchess,u-art,1,10
ckgchess,vi_pranav,17,10
ckgchess,wgraif,1,10
vugarrasulov,Arteler,1,10
vugarrasulov,AryanTari,1,10
vugarrasulov,Bauman_Guy,4,10
vugarrasulov,German_Bazeev,11,10
vugarrasulov,GoltsevDmitry2000,14,10
vugarrasulov,Grandmaster2B,2,10
vugarrasulov,Msb2,6,10
vugarrasulov,Orange_Ghost,8,10
vugarrasulov,WPWPWP-2015,4,10
vugarrasulov,wonderfultime,3,10
Chess_master1982,Arystanner,10,11
Chess_master1982,Barbus89,1,11
Chess_master1982,BeanScreen,11,11
Chess_master1982,CSB7,5,11
Chess_master1982,GiorgianBarbosa,3,11
Chess_master1982,HenriL,1,11
Chess_master1982,Miguelito,3,11
Chess_master1982,Mikasinski,4,11
Chess_master1982,SHIVACalypso,3,11
Chess_master1982,shanemelaughcm,2,11
Chess_master1982,wanderingexplorer,1,11
Sweafty,Ginzburg_Yakov,1,11
Sweafty,GoltsevDmitry2000,14,11
Sweafty,Grandmaster2B,2,11
Sweafty,HrvojeZagreb,3,11
Sweafty,Rybka1989,1,11
Sweafty,Slovineanu,1,11
Sweafty,WhiteKnight2612,5,11
Sweafty,dedpihto_v_kozhanom_palto,1,11
Sweafty,jacky72,8,11
Sweafty,meeraa77,1,11
Sweafty,rikchessmx,1,11
alexrustemov,CarlssonLudvig,2,11
alexrustemov,Defend1r,2,11
alexrustemov,Fan_Of_Chucky,2,11
alexrustemov,IM_ArthurDW08,2,11
alexrustemov,Karttunen,4,11
alexrustemov,Sanan_Sjugirov,2,11
alexrustemov,Taktikmonster,1,11
alexrustemov,biostatistician,9,11
alexrustemov,chegueps,1,11
alexrustemov,sergiochess83,1,11
alexrustemov,stollenmonster,22,11
I_am_Javi,Alexei_Gubajdullin,10,12
I_am_Javi,Chessexplained,3,12
I_am_Javi,Dom1nant1337,1,12
I_am_Javi,Metadast,2,12
I_am_Javi,Orest_Vovk,18,12
I_am_Javi,Rud_Makarian,15,12
I_am_Javi,Shuvalov,6,12
I_am_Javi,benny_aizenberg,3,12
I_am_Javi,ejam94,2,12
I_am_Javi,paradise10,1,12
I_am_Javi,shanemelaughcm,2,12
I_am_Javi,tandaleo,1,12
Maitreia,Abund,4,12
Maitreia,AnthonyWirig,1,12
Maitreia,Arystanner,10,12
Maitreia,Gentlejimmy7,3,12
Maitreia,MightyGMpretender,4,12
Maitreia,MrMatesM,1,12
Maitreia,hellokostya,1,12
Maitreia,honestgames,1,12
Maitreia,rasmussvane,4,12
Maitreia,stollenmonster,22,12
Maitreia,vovachesss,6,12
Maitreia,vugarrasulov,7,12
sergeikim,Andrii_Prydun,2,12
sergeikim,DonkyDonkyDonkey,4,12
sergeikim,Felix-Rose,6,12
sergeikim,Jojo_898,4,12
sergeikim,Lady_Nika,3,12
sergeikim,MAGMAchess02,1,12
sergeikim,chenrip,1,12
sergeikim,kreonx,1,12
sergeikim,kuruhuru,1,12
sergeikim,rdarruda,4,12
sergeikim,santosalberto1987,3,12
sergeikim,sokidze,3,12
Twitch_ElhamBlitz05,Alexei_Gubajdullin,10,13
Twitch_ElhamBlitz05,GMTalks_Youtube,1,13
Twitch_ElhamBlitz05,Lagravesamuell,2,13
Twitch_ElhamBlitz05,Mikhail_Bryakin,2,13
Twitch_ElhamBlitz05,Orest_Vovk,18,13
Twitch_ElhamBlitz05,Polish_fighter3000,2,13
Twitch_ElhamBlitz05,Salem-AR,1,13
Twitch_ElhamBlitz05,SaqoChess_Twitch,8,13
Twitch_ElhamBlitz05,ajian,2,13
Twitch_ElhamBlitz05,champ2005,4,13
Twitch_ElhamBlitz05,jacky72,8,13
Twitch_ElhamBlitz05,penguingm1,1,13
Twitch_ElhamBlitz05,tdf98pantani,2,13
sergoy,Abund,4,13
sergoy,Aradhya2000,7,13
sergoy,Bulldog167,3,13
sergoy,Itk04,4,13
sergoy,KononenkoD,5,13
sergoy,Kosak12,2,13
sergoy,biostatistician,9,13
sergoy,djokovic74,3,13
sergoy,dropstoneDP,6,13
sergoy,mbojan,8,13
sergoy,oskariot,6,13
sergoy,ulises2013,1,13
sergoy,zimmm36,3,13
BeanScreen,AleksandrAleksikov,2,14
BeanScreen,DvaHrasta,6,14
BeanScreen,Evandro_Barbosa,1,14
BeanScreen,GiorgianBarbosa,3,14
BeanScreen,Hurghada,1,14
BeanScreen,Jahonas,2,14
BeanScreen,Oleg_Papayan,2,14
BeanScreen,Ticoluis,1,14
BeanScreen,TigrVShlyape,12,14
BeanScreen,VladimirKramnik,1,14
BeanScreen,guillembaches,13,14
BeanScreen,margarita_2703,1,14
BeanScreen,turayev_shahruh17,2,14
BeanScreen,vi_pranav,17,14
Herman-NY,ChessMavenYeti,1,14
Herman-NY,Eagle_2019,2,14
Herman-NY,GAO,2,14
Herman-NY,InitiatingASC,4,14
Herman-NY,Jojo_898,4,14
Herman-NY,KorolDimitriy75,5,14
Herman-NY,Witik,16,14
Herman-NY,amanjazu,1,14
Herman-NY,dorpato,1,14
Herman-NY,insatiable27,2,14
Herman-NY,jk13,3,14
Herman-NY,lamomiajunior,3,14
Herman-NY,pankajfm,3,14
Herman-NY,samolo,1,14
Rud_Makarian,BrandonJacobson,2,14
Rud_Makarian,Chessmissile07,13,14
Rud_Makarian,DanielNaroditsky,1,14
Rud_Makarian,Durarbayli,1,14
Rud_Makarian,German_Bazeev,11,14
Rud_Makarian,GrigorGrigorov,1,14
Rud_Makarian,JimDiGrease,7,14
Rud_Makarian,Msb2,6,14
Rud_Makarian,Mykola-Bortnyk,2,14
Rud_Makarian,Njal28,6,14
Rud_Makarian,RobertoJBM,8,14
Rud_Makarian,Tobias_Koelle,1,14
Rud_Makarian,artooon,1,14
Rud_Makarian,nihalsarin,1,14
Tonychess32,AhmadzadaA,2,14
Tonychess32,AungTZ,1,14
Tonychess32,DefiantChair,8,14
Tonychess32,Eagle_2019,2,14
Tonychess32,FredddieCroderg,3,14
Tonychess32,GAO,2,14
Tonychess32,H3nriqueTV,1,14
Tonychess32,Hooded_Old_Man,1,14
Tonychess32,Nf3c5,4,14
Tonychess32,NikolaGry,3,14
Tonychess32,SahibSinghKnight,1,14
Tonychess32,TERMINATOR_PC,2,14
Tonychess32,bascheyaro,6,14
Tonychess32,politeplayer,2,14
Myshakov_Fedor,Andrei_Belozerov,1,15
Myshakov_Fedor,GlavkonVVS,3,15
Myshakov_Fedor,LawrenceTrent,1,15
Myshakov_Fedor,Martial2008,3,15
Myshakov_Fedor,OlegKrivonosov,1,15
Myshakov_Fedor,Resignify,3,15
Myshakov_Fedor,Topblitz,1,15
Myshakov_Fedor,Vesper2018,4,15
Myshakov_Fedor,WilliamAlfaroCaracas,1,15
Myshakov_Fedor,Witik,16,15
Myshakov_Fedor,anesar92,1,15
Myshakov_Fedor,benkoni_KID,1,15
Myshakov_Fedor,karinachess1,2,15
Myshakov_Fedor,mitrabhaa,2,15
Myshakov_Fedor,olawsson,1,15
Ready4abattle,Aradhya2000,7,15
Ready4abattle,Bilan_Danila,6,15
Ready4abattle,Defenstrator,2,15
Ready4abattle,GAZZAN_3000,3,15
Ready4abattle,IsuruAlahakoon,3,15
Ready4abattle,Marcin,1,15
Ready4abattle,RJRA94,2,15
Ready4abattle,Schattman,14,15
Ready4abattle,ToddBryant,1,15
Ready4abattle,Tpros,3,15
Ready4abattle,betta2004,2,15
Ready4abattle,esrosenberg,5,15
Ready4abattle,jaskol95,4,15
Ready4abattle,micke12a,3,15
Ready4abattle,samidescalona2002,1,15
Byniolus,AlexPapasimakopoulos,4,16
Byniolus,Ali_rastbod,2,16
Byniolus,Caracternin123,1,16
Byniolus,ChessQueen,1,16
Byniolus,DenishevM,1,16
Byniolus,Fighterman91,2,16
Byniolus,IgorBjelobrk,4,16
Byniolus,Nitzan_Steinberg,2,16
Byniolus,SantoBlue,3,16
Byniolus,Sanyura,1,16
Byniolus,Sjakkerntobi,3,16
Byniolus,aa175,4,16
Byniolus,arminmusovic,8,16
Byniolus,mbojan,8,16
Byniolus,sofaceindisguise,7,16
Byniolus,wqws,6,16
Beca95,Alexei_Gubajdullin,10,17
Beca95,DanielDardha2005,2,17
Beca95,Dhaydon19,4,17
Beca95,GHANDEEVAM2003,7,17
Beca95,GM_dmitrij,4,17
Beca95,JimDiGrease,7,17
Beca95,Jospem,13,17
Beca95,MightyGMpretender,4,17
Beca95,NateSolon,3,17
Beca95,Njal28,6,17
Beca95,Rurep26,3,17
Beca95,Sina_Movahed,8,17
Beca95,WhiteKnight2612,5,17
Beca95,Witik,16,17
Beca95,bascheyaro,6,17
Beca95,jk13,3,17
Beca95,sofaceindisguise,7,17
Bulldog167,AldokhinIvan,4,17
Bulldog167,Dinamo3,1,17
Bulldog167,EREBUNI91,1,17
Bulldog167,Ehsan_GhaemMaghami,1,17
Bulldog167,FairChess_on_YouTube,2,17
Bulldog167,Ginger_GM,3,17
Bulldog167,Njal28,6,17
Bulldog167,Oleksandr_Bortnyk,4,17
Bulldog167,Parhamov,3,17
Bulldog167,Rud_Makarian,15,17
Bulldog167,TigrVShlyape,12,17
Bulldog167,champ2005,4,17
Bulldog167,djano,5,17
Bulldog167,mishanick,5,17
Bulldog167,sergeikim,3,17
Bulldog167,stollenmonster,22,17
Bulldog167,vi_pranav,17,17
DuleMudule,Angry_Twin,5,17
DuleMudule,Anton_Demchenko,2,17
DuleMudule,DefiantChair,8,17
DuleMudule,Denis_Makhnyov,3,17
DuleMudule,Dhaydon19,4,17
DuleMudule,Mackster23,2,17
DuleMudule,Skatchkov_V,1,17
DuleMudule,ViIIagra,3,17
DuleMudule,bazar-wokzal,12,17
DuleMudule,biesiadnik,1,17
DuleMudule,crazy_but_lazy,4,17
DuleMudule,dropstoneDP,6,17
DuleMudule,jens1102,1,17
DuleMudule,medinapazmiguel1968,1,17
DuleMudule,stollenmonster,22,17
DuleMudule,vi_pranav,17,17
DuleMudule,vugarrasulov,7,17
guillembaches,1stSecond,2,17
guillembaches,Aradhya2000,7,17
guillembaches,Colombiano07,1,17
guillembaches,GMthekingindian,1,17
guillembaches,Hasangatin_Ramil,2,17
guillembaches,Haykoooo0o,3,17
guillembaches,LornerAcosta,1,17
guillembaches,Lovinski,1,17
guillembaches,MFBerna,3,17
guillembaches,MdChess1734,2,17
guillembaches,MightyGMpretender,4,17
guillembaches,ProfessorChess101,1,17
guillembaches,SharapovEvgeny,1,17
guillembaches,Vuk2000,2,17
guillembaches,erugee,1,17
guillembaches,kikoveiga,6,17
guillembaches,tomobeast,1,17
Oleg_Papayan,Aleksandar-Topalov,4,18
Oleg_Papayan,BeanScreen,11,18
Oleg_Papayan,Byniolus,4,18
Oleg_Papayan,Crazy_passion_fruit,1,18
Oleg_Papayan,HajiyevKanan,4,18
Oleg_Papayan,Itk04,4,18
Oleg_Papayan,Ol_Bilych,3,18
Oleg_Papayan,Orest_Vovk,18,18
Oleg_Papayan,Qvalda,1,18
Oleg_Papayan,The_Machine04,3,18
Oleg_Papayan,ViralduS,2,18
Oleg_Papayan,Zampronha1971,1,18
Oleg_Papayan,bazar-wokzal,12,18
Oleg_Papayan,brm72,2,18
Oleg_Papayan,drdaro,1,18
Oleg_Papayan,mr_gustavo,4,18
Oleg_Papayan,nocnypako,3,18
Oleg_Papayan,viktorskliarov,3,18
GMG,Ajedrez_con_German,1,19
GMG,Andrei_Skvortsov,10,19
GMG,Angry_Twin,5,19
GMG,CFN_Good_Evening,1,19
GMG,DanielTitichoca,2,19
GMG,Flawless_Fighter,1,19
GMG,IlyaGrigorjev,2,19
GMG,Just_Lucky_1,3,19
GMG,Karttunen,4,19
GMG,MessiKingdom,3,19
GMG,Mops_2004,4,19
GMG,Rsnr,2,19
GMG,Rud_Makarian,15,19
GMG,Ural_bogatyr,3,19
GMG,artin10862,6,19
GMG,bubeliang,1,19
GMG,ljuks68,2,19
GMG,sergoy,2,19
GMG,vi_pranav,17,19
HanSchut,Barmen_EV,2,20
HanSchut,ETTrainer,1,20
HanSchut,Gyulamiryan-koryun,1,20
HanSchut,IMSlavin,1,20
HanSchut,Khromkin,1,20
HanSchut,Lady_Nika,3,20
HanSchut,Mackster23,2,20
HanSchut,Matols,2,20
HanSchut,Sadykov_Ramil,3,20
HanSchut,ShahMatKanal,3,20
HanSchut,Ural_bogatyr,3,20
HanSchut,Ykow,1,20
HanSchut,bazar-wokzal,12,20
HanSchut,dennisodessa,2,20
HanSchut,ellatambien,2,20
HanSchut,fabianvivasz,2,20
HanSchut,guillembaches,13,20
HanSchut,mikheeva86,1,20
HanSchut,sergoy,2,20
HanSchut,yonaltimur,2,20
LeoLV10,CalinGheorghiu,1,21
LeoLV10,Cheer_Down,2,21
LeoLV10,FMStan15,1,21
LeoLV10,FlemingA,1,21
LeoLV10,GaalZsoka,1,21
LeoLV10,Good_Knight_Kiss,2,21
LeoLV10,Henryk_S,1,21
LeoLV10,InitiatingASC,4,21
LeoLV10,Makswolf200817,4,21
LeoLV10,Matols,2,21
LeoLV10,Ordekalog,1,21
LeoLV10,PawnEatingZombie,1,21
LeoLV10,Rafael_Ventura,1,21
LeoLV10,Raskolnikov6,1,21
LeoLV10,Sofia_Blokhin,1,21
LeoLV10,TregubovP,1,21
LeoLV10,UK_23,1,21
LeoLV10,Witik,16,21
LeoLV10,arenal72,1,21
LeoLV10,elchacal664,2,21
LeoLV10,secrethawk1,1,21
Krakozia,Alex_Banzea,1,23
Krakozia,AradNazari,5,23
Krakozia,Blackmind96,1,23
Krakozia,Crasyhealer,1,23
Krakozia,Duhless,3,23
Krakozia,Fonsofan,2,23
Krakozia,German_Bazeev,11,23
Krakozia,HansOnTwitch,5,23
Krakozia,Hikaru,1,23
Krakozia,Kiborg95,1,23
Krakozia,Kirill_Klukin,2,23
Krakozia,Lennis93,6,23
Krakozia,MikaelyanArman,3,23
Krakozia,NelsonLinda,3,23
Krakozia,Rakhmanov_Aleksandr,1,23
Krakozia,Semetey,3,23
Krakozia,Zhigalko_Sergei,2,23
Krakozia,enestnrvrd,1,23
Krakozia,gshwbedhkhd,1,23
Krakozia,imdvb6307,1,23
Krakozia,snowlord,4,23
Krakozia,vugarrasulov,7,23
Krakozia,wonderfultime,3,23
NikolaGry,AldokhinIvan,4,24
NikolaGry,Aleksey_Sorokin,1,24
NikolaGry,AttilaTurzo,1,24
NikolaGry,DenLaz,6,24
NikolaGry,Doomfist26,3,24
NikolaGry,GeorgiosSouleidis,3,24
NikolaGry,JoachimMouhamad,1,24
NikolaGry,JoliyRoger,3,24
NikolaGry,MFBerna,3,24
NikolaGry,Nf3c5,4,24
NikolaGry,Noki102,1,24
NikolaGry,ObidObad,1,24
NikolaGry,Oleksandr_Bortnyk,4,24
NikolaGry,Orest_Vovk,18,24
NikolaGry,SlavenPastar,2,24
NikolaGry,Vamostodorecto,1,24
NikolaGry,Vuk2000,2,24
NikolaGry,djano,5,24
NikolaGry,frederiksvane,4,24
NikolaGry,manitodeplomo,2,24
NikolaGry,reevecanada,1,24
NikolaGry,stollenmonster,22,24
NikolaGry,wadsy27,1,24
NikolaGry,wild3000,2,24
OparinGrigoriy,Akewjon,2,24
OparinGrigoriy,CSB7,5,24
OparinGrigoriy,Coachpoker,1,24
OparinGrigoriy,DuleMudule,4,24
OparinGrigoriy,EAtakishiyev11,1,24
OparinGrigoriy,GMSrinath,2,24
OparinGrigoriy,German_Bazeev,11,24
OparinGrigoriy,GoltsevDmitry2000,14,24
OparinGrigoriy,JimDiGrease,7,24
OparinGrigoriy,Jospem,13,24
OparinGrigoriy,KaydenTroffChess,1,24
OparinGrigoriy,Legendinunknown,6,24
OparinGrigoriy,MarcoRiehle,3,24
OparinGrigoriy,Marcus_Harvey,4,24
OparinGrigoriy,MiFerz44,2,24
OparinGrigoriy,PeshkaCh,2,24
OparinGrigoriy,Reader777,3,24
OparinGrigoriy,RobertoJBM,8,24
OparinGrigoriy,SantoBlue,3,24
OparinGrigoriy,SaqoChess_Twitch,8,24
OparinGrigoriy,Sergey85Rodchenkov,1,24
OparinGrigoriy,Sokoloco,5,24
OparinGrigoriy,TheRealGmochey,3,24
OparinGrigoriy,Yurovskykh_Oleksandr,1,24
LoydBlankenship,AjedrezenMadrid,1,26
LoydBlankenship,Alexandr_Predke,1,26
LoydBlankenship,Andrei_Skvortsov,10,26
LoydBlankenship,Arimin1329,1,26
LoydBlankenship,Blitzstream,1,26
LoydBlankenship,Cayse,2,26
LoydBlankenship,Chessmissile07,13,26
LoydBlankenship,DefiantChair,8,26
LoydBlankenship,Der_Balak_3Halak,2,26
LoydBlankenship,DuleMudule,4,26
LoydBlankenship,Eeleyah,1,26
LoydBlankenship,German_Bazeev,11,26
LoydBlankenship,HeinichessPY,1,26
LoydBlankenship,LaPiToB,1,26
LoydBlankenship,Mops_2004,4,26
LoydBlankenship,Nitzan_Steinberg,2,26
LoydBlankenship,RCone,3,26
LoydBlankenship,Rud_Makarian,15,26
LoydBlankenship,Sjakkerntobi,3,26
LoydBlankenship,Vladimir_Zakhartsov,2,26
LoydBlankenship,ashookk,2,26
LoydBlankenship,jaldjald,1,26
LoydBlankenship,lucasmito,4,26
LoydBlankenship,mestrefeitosa19,1,26
LoydBlankenship,qx4z,1,26
LoydBlankenship,rasmussvane,4,26
carokannlover213,Defend1r,2,26
carokannlover213,Druid24,5,26
carokannlover213,Fleetw00dMac,2,26
carokannlover213,Inepton_Fermion,2,26
carokannlover213,Jojo_898,4,26
carokannlover213,KorolDimitriy75,5,26
carokannlover213,MBA_CHESS_2021,2,26
carokannlover213,Roedor,1,26
carokannlover213,SargissyanSargis,1,26
carokannlover213,THE_PLAYER6,1,26
carokannlover213,TatjanaVasilevich,1,26
carokannlover213,The_Sherman_Variation,1,26
carokannlover213,TigrVShlyape,12,26
carokannlover213,bazar-wokzal,12,26
carokannlover213,chesstrainer2042,1,26
carokannlover213,crazy_m_attack,1,26
carokannlover213,cthulhuuu,7,26
carokannlover213,inagreV,3,26
carokannlover213,jaskol95,4,26
carokannlover213,kaanadayhamle,1,26
carokannlover213,kleopl,1,26
carokannlover213,starplatinum2030,1,26
carokannlover213,subham777,1,26
carokannlover213,topce,2,26
carokannlover213,tusplingher,1,26
carokannlover213,whitemirrorninja,1,26
dosto07,Andrei_Skvortsov,10,27
dosto07,Andrej2004,2,27
dosto07,AndrewB92,1,27
dosto07,ChessLebaneseSalah,2,27
dosto07,Chessbard1972,2,27
dosto07,Dilshad92,2,27
dosto07,IngOscarArdila,5,27
dosto07,MusicCityMaster,3,27
dosto07,Nf3c5,4,27
dosto07,Pomberito2,1,27
dosto07,RETURNOFTHELAGGER,3,27
dosto07,RJRA94,2,27
dosto07,Schattman,14,27
dosto07,ShahxaibKhan,3,27
dosto07,Shuvalov,6,27
dosto07,The_filthy,5,27
dosto07,Tpros,3,27
dosto07,VitorBronson,3,27
dosto07,ashookk,2,27
dosto07,dirk_da_player,2,27
dosto07,elchacal664,2,27
dosto07,esrosenberg,5,27
dosto07,kingofthenil,8,27
dosto07,lhavas,1,27
dosto07,londonkid,2,27
dosto07,svilson23,1,27
dosto07,vidavi,2,27
esrosenberg,Alphafischer2019,3,34
esrosenberg,AmanteDeMoi,2,34
esrosenberg,Andrei_Skvortsov,10,34
esrosenberg,Bastiandash,1,34
esrosenberg,Cambek64,3,34
esrosenberg,Chessdreamer2020,5,34
esrosenberg,DvaHrasta,6,34
esrosenberg,EddieMarsalla,1,34
esrosenberg,Everyfishknows,1,34
esrosenberg,FredddieCroderg,3,34
esrosenberg,Gravity_Chess,1,34
esrosenberg,Grebeniuk-S,1,34
esrosenberg,Hoshka,2,34
esrosenberg,IgorBjelobrk,4,34
esrosenberg,LeRoidesChampions,2,34
esrosenberg,Leonid_Starozhilov,4,34
esrosenberg,MetiForce,1,34
esrosenberg,Mostii,1,34
esrosenberg,Nozdrachev_Leonid,1,34
esrosenberg,Orest_Vovk,18,34
esrosenberg,PLAYER_2006_M,4,34
esrosenberg,Perecke,1,34
esrosenberg,RaneshRatnesan,1,34
esrosenberg,Ready4abattle,3,34
esrosenberg,SanchezKelvin,3,34
esrosenberg,alexg2003,1,34
esrosenberg,bazar-wokzal,12,34
esrosenberg,chess123456s,3,34
esrosenberg,djokovic74,3,34
esrosenberg,emeli_chess,2,34
esrosenberg,matenitian,1,34
esrosenberg,politeplayer,2,34
esrosenberg,rrgchessmaster05,1,34
esrosenberg,vladoboch,3,34
Witik,0gZPanda,4,35
Witik,Arystanner,10,35
Witik,DefiantChair,8,35
Witik,DumbKing75,1,35
Witik,Egor_Koshulyan,2,35
Witik,Elprofessor21,1,35
Witik,Flopezin,1,35
Witik,GMG,2,35
Witik,Jospem,13,35
Witik,Kopylov_Alex,2,35
Witik,Kostya0705,4,35
Witik,KrokerGuy,1,35
Witik,Langua_Chess,1,35
Witik,LoydBlankenship,3,35
Witik,MITerryble,4,35
Witik,Mikasinski,4,35
Witik,NLLO777,1,35
Witik,NikolaGry,3,35
Witik,PapiPapita,1,35
Witik,Ramil_Faizrakhmanov,1,35
Witik,RodokininEV,2,35
Witik,Sina_Movahed,8,35
Witik,SirMittensofMittensville,4,35
Witik,Tactrics,3,35
Witik,VALPARAISO37,12,35
Witik,VitorBronson,3,35
Witik,Wizard_97,2,35
Witik,alexrustemov,13,35
Witik,artin10862,6,35
Witik,burbur555,2,35
Witik,littleplotkin,1,35
Witik,marcodobrikov,1,35
Witik,snowlord,4,35
Witik,twofoxniel,1,35
Witik,ylr5000,1,35
WindWhistler11,CrushingKings,3,40
WindWhistler11,Cryptochess,1,40
WindWhistler11,DuleMudule,4,40
WindWhistler11,Felix-Rose,6,40
WindWhistler11,GaiozNigalidze,2,40
WindWhistler11,GlavkonVVS,3,40
WindWhistler11,Hirna2005,3,40
WindWhistler11,JuniorJumper,1,40
WindWhistler11,Korchmar_Vasiliy,8,40
WindWhistler11,Pastore1978,2,40
WindWhistler11,RETURNOFTHELAGGER,3,40
WindWhistler11,RandomNoob04,1,40
WindWhistler11,SHIVACalypso,3,40
WindWhistler11,Shivananda1964,1,40
WindWhistler11,SmirnovTimofey2000,1,40
WindWhistler11,Teidi96,1,40
WindWhistler11,TheoSlade,2,40
WindWhistler11,VitaliyChayka,1,40
WindWhistler11,WinOrTilt,2,40
WindWhistler11,adapodadei,1,40
WindWhistler11,aghasiyevkamal,3,40
WindWhistler11,alvarorodriguezavila,1,40
WindWhistler11,ameetghasi100,1,40
WindWhistler11,blitzo_vich,3,40
WindWhistler11,carokannlover213,3,40
WindWhistler11,fks_stal_mielec,1,40
WindWhistler11,gahryman,1,40
WindWhistler11,kai_nov,2,40
WindWhistler11,krasavetc,2,40
WindWhistler11,mbojan,8,40
WindWhistler11,meoluoi91,1,40
WindWhistler11,mr_gustavo,4,40
WindWhistler11,nitpicker,1,40
WindWhistler11,profedechess93,1,40
WindWhistler11,sonicdravise,2,40
WindWhistler11,stasOR4ik,3,40
WindWhistler11,tacticthunder,1,40
WindWhistler11,viktorskliarov,3,40
WindWhistler11,vladgoncharov,1,40
WindWhistler11,zivicd,1,40
djano,AlphaPerseii,1,42
djano,Angry_Twin,5,42
djano,Bad_left_hook,1,42
djano,ChessFighter_2011,1,42
djano,Chessmissile07,13,42
djano,Der_Balak_3Halak,2,42
djano,DonkyDonkyDonkey,4,42
djano,Eduard_Limonov,4,42
djano,Fleetw00dMac,2,42
djano,FredddieCroderg,3,42
djano,GAusal,1,42
djano,Jeffinho023,1,42
djano,JimDiGrease,7,42
djano,JoakimVonAnd,1,42
djano,Legendinunknown,6,42
djano,Ol_Bilych,3,42
djano,Ranindu2003,2,42
djano,TheBigBoss04,4,42
djano,TheOneTrapMan,1,42
djano,The_filthy,5,42
djano,WiktoriaPOL,1,42
djano,Zkid,4,42
djano,arminmusovic,8,42
djano,chessforthesun,2,42
djano,dmitrijiIM,3,42
djano,eltrain1971,1,42
djano,greekplayer1,3,42
djano,jinxy2009,2,42
djano,jraosam,10,42
djano,kleinebeer98,3,42
djano,littlepinkyboy,1,42
djano,miraitrunks,1,42
djano,pedromartinez91,2,42
djano,peonrojo150,1,42
djano,rionelG,2,42
djano,rychessmaster1,3,42
djano,semchik73,2,42
djano,seopie,3,42
djano,sofaceindisguise,7,42
djano,stollenmonster,22,42
djano,temus_galaktionov,3,42
djano,vovachesss,6,42
BahadirOzen,Alopekos,1,43
BahadirOzen,BegmuratovKh2010,1,43
BahadirOzen,Bigfish1995,4,43
BahadirOzen,CaptainCasanova,2,43
BahadirOzen,DTChess,4,43
BahadirOzen,DanielTitichoca,2,43
BahadirOzen,DanylaBagrov,1,43
BahadirOzen,GrumbleBruno,1,43
BahadirOzen,JaloliddinIlkhomi,3,43
BahadirOzen,Jospem,13,43
BahadirOzen,Karttunen,4,43
BahadirOzen,Keithonsky,1,43
BahadirOzen,LeRoidesChampions,2,43
BahadirOzen,MasterKroket,1,43
BahadirOzen,Pingah9,4,43
BahadirOzen,Pintacara,1,43
BahadirOzen,Reality-Stone,1,43
BahadirOzen,Russian_berezka,4,43
BahadirOzen,SandwichOSaumon,1,43
BahadirOzen,SashaKuzhilniy,2,43
BahadirOzen,ShadowJolteon,1,43
BahadirOzen,Shield12,4,43
BahadirOzen,Tactrics,3,43
BahadirOzen,TigrVShlyape,12,43
BahadirOzen,TrahtarBelarus,4,43
BahadirOzen,VincentKeymer,1,43
BahadirOzen,Zhigalko_Sergei,2,43
BahadirOzen,Zohid6,2,43
BahadirOzen,Zq1,1,43
BahadirOzen,atalz0,1,43
BahadirOzen,attack2mateU,3,43
BahadirOzen,bazar-wokzal,12,43
BahadirOzen,blitzo_vich,3,43
BahadirOzen,carlsen1001,1,43
BahadirOzen,exoticprincess,1,43
BahadirOzen,googlegoom,1,43
BahadirOzen,ilushka,1,43
BahadirOzen,infinitegiantkiller,5,43
BahadirOzen,mishanick,5,43
BahadirOzen,motivated_bishop,1,43
BahadirOzen,nikitakhoroshev,1,43
BahadirOzen,ural58,4,43
BahadirOzen,wonderfultime,3,43
Schattman,2k28Lakers,1,81
Schattman,Aemulus20,1,81
Schattman,AjedrezInteligente,1,81
Schattman,Alexei_Gubajdullin,10,81
Schattman,Alohamora11,2,81
Schattman,AndresDelgado77,2,81
Schattman,Aradhya2000,7,81
Schattman,ArtemDyachuk,5,81
Schattman,Athanasios2,2,81
Schattman,Camilla_Lee,1,81
Schattman,Chessdreamer2020,5,81
Schattman,ChuckPhil,2,81
Schattman,DefiantChair,8,81
Schattman,Druid24,5,81
Schattman,Fuzesabonyilaci,1,81
Schattman,GaiozNigalidze,2,81
Schattman,GoltsevDmitry2000,14,81
Schattman,HajiyevKanan,4,81
Schattman,Heineccius,1,81
Schattman,Iball95,4,81
Schattman,IgorBjelobrk,4,81
Schattman,IngOscarArdila,5,81
Schattman,Kildepiotr,3,81
Schattman,Kirill_Klukin,2,81
Schattman,KononenkoD,5,81
Schattman,Korchmar_Vasiliy,8,81
Schattman,Manukyan_Artak,6,81
Schattman,Maxfan2008,2,81
Schattman,Misticpikachu,1,81
Schattman,NikolaGry,3,81
Schattman,Nuvas,1,81
Schattman,Orest_Vovk,18,81
Schattman,PavelChernomordik,2,81
Schattman,Perdomov,3,81
Schattman,Redzishchess,1,81
Schattman,Sadykov_Ramil,3,81
Schattman,SchmakAttack,1,81
Schattman,ShahxaibKhan,3,81
Schattman,Shuvalov,6,81
Schattman,Sinquefield,1,81
Schattman,SirMittensofMittensville,4,81
Schattman,TanitoluwaAps116,8,81
Schattman,TimGrutter03,1,81
Schattman,Tolyanius,1,81
Schattman,TrahtarBelarus,4,81
Schattman,Vaathi_Coming,2,81
Schattman,ValeriyGrinev,1,81
Schattman,Vesper2018,4,81
Schattman,WatchUrClock,1,81
Schattman,WhiteKnight2612,5,81
Schattman,Zkid,4,81
Schattman,aa175,4,81
Schattman,artin10862,6,81
Schattman,ayme97,1,81
Schattman,blitzking1729,3,81
Schattman,blitzo_vich,3,81
Schattman,chess94cu,2,81
Schattman,chessajedrezz2020,1,81
Schattman,dretch,2,81
Schattman,forevery0ung,2,81
Schattman,karinachess1,2,81
Schattman,kereswasbest,1,81
Schattman,kleinebeer98,3,81
Schattman,koncheto,4,81
Schattman,lamomiajunior,3,81
Schattman,manmanlai1,1,81
Schattman,maxip32,1,81
Schattman,mjelcic,2,81
Schattman,newyorkmouse,5,81
Schattman,ninguno46,1,81
Schattman,nocnypako,3,81
Schattman,rezamahdavi2008,5,81
Schattman,ril1997,1,81
Schattman,rk12387,1,81
Schattman,sestremera,1,81
Schattman,thedjoker98,2,81
Schattman,ultranemesis,1,81
Schattman,viktorgen2021,2,81
Schattman,viktorskliarov,3,81
Schattman,waspofborneo,1,81
Schattman,wqws,6,81
Lennis93,AhmadzadaA,2,83
Lennis93,Andrej2004,2,83
Lennis93,Apocalyps999,1,83
Lennis93,ArmanGhevondyanchess,1,83
Lennis93,ArrestingPieces,1,83
Lennis93,Artemiki,1,83
Lennis93,Battlecruiser_Operational,2,83
Lennis93,Bauman_Guy,4,83
Lennis93,BigAl,1,83
Lennis93,Cambek64,3,83
Lennis93,Chessdreamer2020,5,83
Lennis93,Chessexplained,3,83
Lennis93,Chessmissile07,13,83
Lennis93,Eloist,1,83
Lennis93,ErikRonka,4,83
Lennis93,FrenchMonster2002,1,83
Lennis93,GMCarbone,2,83
Lennis93,Gareth-Bale11,2,83
Lennis93,Giorno,2,83
Lennis93,GoltsevDmitry2000,14,83
Lennis93,InitiatingASC,4,83
Lennis93,Jackalhead_Anubis,1,83
Lennis93,JacksterThePro,1,83
Lennis93,KChor05,5,83
Lennis93,Kosak12,2,83
Lennis93,Kostukov_Alex,4,83
Lennis93,Kostya0705,4,83
Lennis93,Lady_Nika,3,83
Lennis93,MYMChessAcademy,2,83
Lennis93,Makswolf200817,4,83
Lennis93,MalyDominator,1,83
Lennis93,MdChess1734,2,83
Lennis93,Mr_Heisenberg13,2,83
Lennis93,Msb2,6,83
Lennis93,NelsonLinda,3,83
Lennis93,Pingah9,4,83
Lennis93,Practical-Play,1,83
Lennis93,Reader777,3,83
Lennis93,RianKapriaga,1,83
Lennis93,RobertoJBM,8,83
Lennis93,SARGISMV,1,83
Lennis93,ShahMatKanal,3,83
Lennis93,Sina_Movahed,8,83
Lennis93,SlavenPastar,2,83
Lennis93,Steegersee,2,83
Lennis93,StellarChess,1,83
Lennis93,The_filthy,5,83
Lennis93,Twitch_ElhamBlitz05,8,83
Lennis93,ViIIagra,3,83
Lennis93,Witik,16,83
Lennis93,YellowJacek,2,83
Lennis93,bazar-wokzal,12,83
Lennis93,broskolis,1,83
Lennis93,crazy_but_lazy,4,83
Lennis93,djano,5,83
Lennis93,egnfanclub,1,83
Lennis93,ejam94,2,83
Lennis93,falzehope0,1,83
Lennis93,financieru,1,83
Lennis93,grunbergmihai,1,83
Lennis93,hakanazeri2,1,83
Lennis93,inagreV,3,83
Lennis93,infinitegiantkiller,5,83
Lennis93,jraosam,10,83
Lennis93,kikoveiga,6,83
Lennis93,koziororo,4,83
Lennis93,luizzy,1,83
Lennis93,maximnovik,1,83
Lennis93,mishanick,5,83
Lennis93,only_strong_moves,1,83
Lennis93,ozates,3,83
Lennis93,pedromartinez91,2,83
Lennis93,playablecharacter,1,83
Lennis93,rdarruda,4,83
Lennis93,ruifeng,1,83
Lennis93,sakkikuska,1,83
Lennis93,santosalberto1987,3,83
Lennis93,semchik73,2,83
Lennis93,seopie,3,83
Lennis93,slorovel,3,83
Lennis93,sofaceindisguise,7,83
Lennis93,stollenmonster,22,83
Lennis93,zajka-molotok,2,83
SirParistonHill,1stSecond,2,86
SirParistonHill,2Tilted,1,86
SirParistonHill,Aleksandar-Topalov,4,86
SirParistonHill,AlexPapasimakopoulos,4,86
SirParistonHill,Alexchess1984,1,86
SirParistonHill,Alomaterapia,1,86
SirParistonHill,Anna_ChessMate,1,86
SirParistonHill,Arnaldofdelavaramulet,1,86
SirParistonHill,AvitalBor,1,86
SirParistonHill,BENO_CHESS,2,86
SirParistonHill,BeanScreen,11,86
SirParistonHill,Bishops83,1,86
SirParistonHill,BlueWizzard,4,86
SirParistonHill,Blue_Ratatoeskr,1,86
SirParistonHill,Byniolus,4,86
SirParistonHill,Chessmissile07,13,86
SirParistonHill,ContrVersia,1,86
SirParistonHill,DNextEpisode,3,86
SirParistonHill,DeTimmerman,5,86
SirParistonHill,Fandorine,1,86
SirParistonHill,Felix-Rose,6,86
SirParistonHill,Fusikk,1,86
SirParistonHill,GianmarcoVaR,5,86
SirParistonHill,GodDMuhammad,1,86
SirParistonHill,HanSchut,2,86
SirParistonHill,Harald_Schmidt,1,86
SirParistonHill,IngOscarArdila,5,86
SirParistonHill,InitiatingASC,4,86
SirParistonHill,Jahonas,2,86
SirParistonHill,JaloliddinIlkhomi,3,86
SirParistonHill,Jojo_898,4,86
SirParistonHill,KingCyber19,1,86
SirParistonHill,Kingstar70,1,86
SirParistonHill,Kobalia,1,86
SirParistonHill,Korchmar_Vasiliy,8,86
SirParistonHill,Martial2008,3,86
SirParistonHill,Me_ch_an,1,86
SirParistonHill,MikaelyanArman,3,86
SirParistonHill,MrKooshaChess_Twitch,1,86
SirParistonHill,MrTattaglia,1,86
SirParistonHill,Nesty_Javi_Chess,2,86
SirParistonHill,Orest_Vovk,18,86
SirParistonHill,PavelChernomordik,2,86
SirParistonHill,Petrovic_Aleksa,3,86
SirParistonHill,PositionalPanther,2,86
SirParistonHill,RobertoJBM,8,86
SirParistonHill,Schattman,14,86
SirParistonHill,Sina_Movahed,8,86
SirParistonHill,Sokoloco,5,86
SirParistonHill,Steegersee,2,86
SirParistonHill,TheBigBoss04,4,86
SirParistonHill,VALPARAISO37,12,86
SirParistonHill,Vaibhavraut99,4,86
SirParistonHill,VladimirBelous,1,86
SirParistonHill,Witik,16,86
SirParistonHill,XDPS,4,86
SirParistonHill,Zakaryan_David,1,86
SirParistonHill,anon05132,1,86
SirParistonHill,atigerman,1,86
SirParistonHill,azikom,1,86
SirParistonHill,bascheyaro,6,86
SirParistonHill,bazar-wokzal,12,86
SirParistonHill,beatles_22,1,86
SirParistonHill,chika-lily,1,86
SirParistonHill,djano,5,86
SirParistonHill,dmitrijiIM,3,86
SirParistonHill,elcandado,1,86
SirParistonHill,esrosenberg,5,86
SirParistonHill,fadamos,1,86
SirParistonHill,infinitegiantkiller,5,86
SirParistonHill,insatiable27,2,86
SirParistonHill,jacky72,8,86
SirParistonHill,jakopogi,1,86
SirParistonHill,jraosam,10,86
SirParistonHill,kingofthenil,8,86
SirParistonHill,kleinebeer98,3,86
SirParistonHill,koziororo,4,86
SirParistonHill,krzyzan94,2,86
SirParistonHill,mac0504,2,86
SirParistonHill,maracayo,1,86
SirParistonHill,mbojan,8,86
SirParistonHill,moro182,1,86
SirParistonHill,nrvisakh,1,86
SirParistonHill,realburq,1,86
SirParistonHill,remi04,3,86
SirParistonHill,stollenmonster,22,86
Guzman70,Alexei_Gubajdullin,10,88
Guzman70,Ali_rastbod,2,88
Guzman70,Alina_Gumerovna,1,88
Guzman70,AmanteDeMoi,2,88
Guzman70,Andrei_Skvortsov,10,88
Guzman70,AndresDelgado77,2,88
Guzman70,AradNazari,5,88
Guzman70,ArchibaldCerveza29,3,88
Guzman70,Aslanov_Umid,1,88
Guzman70,Berardino,1,88
Guzman70,Bilan_Danila,6,88
Guzman70,CM_rui,3,88
Guzman70,Cambek64,3,88
Guzman70,CaspiIsrael,1,88
Guzman70,Chessexplained,3,88
Guzman70,ChessicallyInclined,4,88
Guzman70,ChuckPhil,2,88
Guzman70,Dhaydon19,4,88
Guzman70,Doudou2015,1,88
Guzman70,Druid24,5,88
Guzman70,ErikRonka,4,88
Guzman70,FaustinoOro,3,88
Guzman70,Felix-Rose,6,88
Guzman70,Fisher_TheGalactic,1,88
Guzman70,Franmu14,1,88
Guzman70,Godzillator,1,88
Guzman70,HrvojeZagreb,3,88
Guzman70,IamSchrodingersCat,1,88
Guzman70,Journey_to_GrandMaster_YT,2,88
Guzman70,KATPAH,1,88
Guzman70,KChor05,5,88
Guzman70,Kildepiotr,3,88
Guzman70,Korchmar_Vasiliy,8,88
Guzman70,Maitreia,1,88
Guzman70,Meri-Arabidze,2,88
Guzman70,Nicolas_DeLaColina,1,88
Guzman70,Pelopidass,1,88
Guzman70,Perdomov,3,88
Guzman70,Pingah9,4,88
Guzman70,Ready4abattle,3,88
Guzman70,Resignify,3,88
Guzman70,Romkachess,1,88
Guzman70,Semetey,3,88
Guzman70,ShahMatKanal,3,88
Guzman70,Shuvalov,6,88
Guzman70,Sjakkerntobi,3,88
Guzman70,Slovak_fighter2000,4,88
Guzman70,Sokoloco,5,88
Guzman70,Tonychess32,1,88
Guzman70,Valeron87,1,88
Guzman70,Vesper2018,4,88
Guzman70,Willhaven3,1,88
Guzman70,XiaoKangZhong,1,88
Guzman70,YairParkhov,1,88
Guzman70,Yoda1992,2,88
Guzman70,Yosha_Iglesias,1,88
Guzman70,aghasiyevkamal,3,88
Guzman70,akanga001,3,88
Guzman70,artin10862,6,88
Guzman70,bazar-wokzal,12,88
Guzman70,benny_aizenberg,3,88
Guzman70,brunoo2003,1,88
Guzman70,chess123456s,3,88
Guzman70,crazy_but_lazy,4,88
Guzman70,cthulhuuu,7,88
Guzman70,djogrodek1,1,88
Guzman70,ecwinslow,1,88
Guzman70,fen_fire,1,88
Guzman70,gordonzyxu,2,88
Guzman70,infinitegiantkiller,5,88
Guzman70,jacky72,8,88
Guzman70,jk13,3,88
Guzman70,kikoveiga,6,88
Guzman70,komogro,3,88
Guzman70,kosmeg,1,88
Guzman70,lagarto93,1,88
Guzman70,lluiss,1,88
Guzman70,mbachez,3,88
Guzman70,mr_gustavo,4,88
Guzman70,newyorkmouse,5,88
Guzman70,shirovin,3,88
Guzman70,talaicito,3,88
Guzman70,temiksmozg,1,88
Guzman70,thedjoker98,2,88
Guzman70,vanyakuba,2,88
Guzman70,venturov,1,88
Guzman70,wqws,6,88
Guzman70,yonaltimur,2,88
Jospem,0gZPanda,4,106
Jospem,A-Fier,1,106
Jospem,Abund,4,106
Jospem,Adham_Fawzy,1,106
Jospem,AlexPapasimakopoulos,4,106
Jospem,Alexander_Khlebovich,1,106
Jospem,Alexei_Gubajdullin,10,106
Jospem,Andrei_Skvortsov,10,106
Jospem,Annawel,1,106
Jospem,Arystanner,10,106
Jospem,Azeryahu,2,106
Jospem,Bauman_Guy,4,106
Jospem,BetonCarlsen,2,106
Jospem,Biranidun,1,106
Jospem,BlueWizzard,4,106
Jospem,BogdanDeac,4,106
Jospem,CM_rui,3,106
Jospem,CSB7,5,106
Jospem,Chessdreamer2020,5,106
Jospem,ChessicallyInclined,4,106
Jospem,DeTimmerman,5,106
Jospem,DenLaz,6,106
Jospem,Denis_Makhnyov,3,106
Jospem,Eduard_Limonov,4,106
Jospem,Eternauta2400,2,106
Jospem,FairChess_on_YouTube,2,106
Jospem,GHANDEEVAM2003,7,106
Jospem,Gabrielian_Artur,1,106
Jospem,Gareth-Bale11,2,106
Jospem,Genghis_K,1,106
Jospem,GianmarcoVaR,5,106
Jospem,Ginger_GM,3,106
Jospem,Hrant_ChessMood,1,106
Jospem,IMRosen,1,106
Jospem,Iball95,4,106
Jospem,Itk04,4,106
Jospem,JeRoma71,3,106
Jospem,Kezin_Roman,1,106
Jospem,Legendinunknown,6,106
Jospem,LiamPutnam2008,4,106
Jospem,Lion-Al-Messi,4,106
Jospem,Makswolf200817,4,106
Jospem,Marcus_Harvey,4,106
Jospem,Matibar,1,106
Jospem,Miguelito,3,106
Jospem,MolecularChemist,3,106
Jospem,MustafayevFarid2004,1,106
Jospem,Nemegejas,2,106
Jospem,Nesty_Javi_Chess,2,106
Jospem,Nikolakis2014,1,106
Jospem,Parhamov,3,106
Jospem,Patzel09,2,106
Jospem,PeshkaCh,2,106
Jospem,Qnmeng,1,106
Jospem,RobertoJBM,8,106
Jospem,Roman_Ovetchkin,1,106
Jospem,Rud_Makarian,15,106
Jospem,Rurep26,3,106
Jospem,Rutricks,4,106
Jospem,SaqoChess_Twitch,8,106
Jospem,Sargsyan_Shant,2,106
Jospem,Sattarov_Bobur,4,106
Jospem,Shield12,4,106
Jospem,ShiroglanTalibov,7,106
Jospem,TheRealGmochey,3,106
Jospem,TigrVShlyape,12,106
Jospem,Tunahan_Makaraci,1,106
Jospem,Twitch_ElhamBlitz05,8,106
Jospem,Vaathi_Coming,2,106
Jospem,ViIIagra,3,106
Jospem,WhiteKnight2612,5,106
Jospem,Zkid,4,106
Jospem,amintabatabaei,1,106
Jospem,anon6121824,4,106
Jospem,attack2mateU,3,106
Jospem,bascheyaro,6,106
Jospem,chessdjw,1,106
Jospem,chito89,2,106
Jospem,csati17,1,106
Jospem,daro94,2,106
Jospem,dretch,2,106
Jospem,enriquetejedor,1,106
Jospem,frederiksvane,4,106
Jospem,greekplayer1,3,106
Jospem,grzechu96,2,106
Jospem,jcibarra,2,106
Jospem,lilleper1,1,106
Jospem,m_ezat,4,106
Jospem,maciek_92,1,106
Jospem,mishanick,5,106
Jospem,mjray79,1,106
Jospem,nocnypako,3,106
Jospem,rasmussvane,4,106
Jospem,seorobert1971,1,106
Jospem,sergeikim,3,106
Jospem,sofaceindisguise,7,106
Jospem,stollenmonster,22,106
Jospem,temus_galaktionov,3,106
Jospem,tptagain,2,106
Jospem,vladislavkovalev,1,106
Jospem,vugarrasulov,7,106
Jospem,wannabe2700,1,106
Jospem,whiteglovethief,2,106
Jospem,zaur-mammadov,1,106
Jospem,zimmm36,3,106
Jospem,zubridis,1,106
TigrVShlyape,1800_strength,1,274
TigrVShlyape,Abund,4,274
TigrVShlyape,Agibileg,1,274
TigrVShlyape,Airquake,1,274
TigrVShlyape,AldokhinIvan,4,274
TigrVShlyape,AlexPapasimakopoulos,4,274
TigrVShlyape,Alex_Sahakyan2006,2,274
TigrVShlyape,Alexei_Gubajdullin,10,274
TigrVShlyape,Alimpic,1,274
TigrVShlyape,Alohamora11,2,274
TigrVShlyape,Alphafischer2019,3,274
TigrVShlyape,Amirreza_p,1,274
TigrVShlyape,Andrei_Skvortsov,10,274
TigrVShlyape,AradNazari,5,274
TigrVShlyape,Aradhya2000,7,274
TigrVShlyape,Arek_pacitan,2,274
TigrVShlyape,Arifarsky,1,274
TigrVShlyape,ArtemDyachuk,5,274
TigrVShlyape,Artem_0degov,1,274
TigrVShlyape,Arystanner,10,274
TigrVShlyape,AtabayevSaparmyrat,1,274
TigrVShlyape,Aygehovit1992,3,274
TigrVShlyape,Azatic,2,274
TigrVShlyape,BardArtem,2,274
TigrVShlyape,BeanScreen,11,274
TigrVShlyape,BestStelker,1,274
TigrVShlyape,Bodnar_Mykola,1,274
TigrVShlyape,BogdanDeac,4,274
TigrVShlyape,CSB7,5,274
TigrVShlyape,Carnivoras,2,274
TigrVShlyape,Championnn-9,1,274
TigrVShlyape,ChessicallyInclined,4,274
TigrVShlyape,Chessmissile07,13,274
TigrVShlyape,CrushingKings,3,274
TigrVShlyape,DTChess,4,274
TigrVShlyape,DamianoLew95,3,274
TigrVShlyape,DanilNajdin,1,274
TigrVShlyape,Danny_Billiards,1,274
TigrVShlyape,DarkAlekhine,1,274
TigrVShlyape,DefiantChair,8,274
TigrVShlyape,DenLaz,6,274
TigrVShlyape,Devil_Sun,1,274
TigrVShlyape,Dhaydon19,4,274
TigrVShlyape,DonkyDonkyDonkey,4,274
TigrVShlyape,Doomfist26,3,274
TigrVShlyape,Dragon_Dmitry,2,274
TigrVShlyape,Druid24,5,274
TigrVShlyape,Eduard_Limonov,4,274
TigrVShlyape,Egor_Koshulyan,2,274
TigrVShlyape,ElDivis,1,274
TigrVShlyape,Ellaijio_B,1,274
TigrVShlyape,ErikRonka,4,274
TigrVShlyape,FGHSMN,2,274
TigrVShlyape,Fantastic_Power,1,274
TigrVShlyape,FaustinoOro,3,274
TigrVShlyape,Fighterman91,2,274
TigrVShlyape,Flaccidmoves,3,274
TigrVShlyape,FoggyMorning,1,274
TigrVShlyape,FontVella8,1,274
TigrVShlyape,GHANDEEVAM2003,7,274
TigrVShlyape,GMCarbone,2,274
TigrVShlyape,GMSrinath,2,274
TigrVShlyape,GP9isback23,1,274
TigrVShlyape,GeorgiosSouleidis,3,274
TigrVShlyape,German_Bazeev,11,274
TigrVShlyape,GianmarcoVaR,5,274
TigrVShlyape,GiorgianBarbosa,3,274
TigrVShlyape,GlavkonVVS,3,274
TigrVShlyape,GoltsevDmitry2000,14,274
TigrVShlyape,Goran_Vajic,1,274
TigrVShlyape,Grossboss19,1,274
TigrVShlyape,HATilay,2,274
TigrVShlyape,HSH1987,2,274
TigrVShlyape,HalfIsCrayfish,1,274
TigrVShlyape,HansOnTwitch,5,274
TigrVShlyape,Hope_6,2,274
TigrVShlyape,IM_ArthurDW08,2,274
TigrVShlyape,Iball95,4,274
TigrVShlyape,IgorBjelobrk,4,274
TigrVShlyape,Incognito_Knight,1,274
TigrVShlyape,Jarming,1,274
TigrVShlyape,JimDiGrease,7,274
TigrVShlyape,JoliyRoger,3,274
TigrVShlyape,Jospem,13,274
TigrVShlyape,KChor05,5,274
TigrVShlyape,Karacsonyi_Gellert,1,274
TigrVShlyape,Karttunen,4,274
TigrVShlyape,Kildepiotr,3,274
TigrVShlyape,Kostya0705,4,274
TigrVShlyape,Lagravesamuell,2,274
TigrVShlyape,LangesNasenhaar,1,274
TigrVShlyape,Legendinunknown,6,274
TigrVShlyape,Lennis93,6,274
TigrVShlyape,LeoLV10,1,274
TigrVShlyape,Leonid_Starozhilov,4,274
TigrVShlyape,LiamPutnam2008,4,274
TigrVShlyape,Lion-Al-Messi,4,274
TigrVShlyape,MFBerna,3,274
TigrVShlyape,Machidon,1,274
TigrVShlyape,MaevskiyNikolay,1,274
TigrVShlyape,Maikrosoft63,1,274
TigrVShlyape,Makswolf200817,4,274
TigrVShlyape,Manukyan_Artak,6,274
TigrVShlyape,Markov_Mikhail,2,274
TigrVShlyape,Martial2008,3,274
TigrVShlyape,MatthewG-p4p,2,274
TigrVShlyape,MatyChess1,1,274
TigrVShlyape,Meri-Arabidze,2,274
TigrVShlyape,MessiKingdom,3,274
TigrVShlyape,Metadast,2,274
TigrVShlyape,MiFerz44,2,274
TigrVShlyape,Miguelito,3,274
TigrVShlyape,Mikasinski,4,274
TigrVShlyape,Mikayel99,1,274
TigrVShlyape,Mikhail_Bryakin,2,274
TigrVShlyape,Mischuk_D,1,274
TigrVShlyape,Mops_2004,4,274
TigrVShlyape,Murad_Ibrahimli,1,274
TigrVShlyape,Mykola-Bortnyk,2,274
TigrVShlyape,N18player,1,274
TigrVShlyape,NMJeevanK,1,274
TigrVShlyape,NelsonLinda,3,274
TigrVShlyape,Nf3c5,4,274
TigrVShlyape,Njal28,6,274
TigrVShlyape,NoHeThTo,1,274
TigrVShlyape,NovozhilovSemen,3,274
TigrVShlyape,OhanyanEminChess,1,274
TigrVShlyape,Orange_Ghost,8,274
TigrVShlyape,PLAYER_2006_M,4,274
TigrVShlyape,Parhamov,3,274
TigrVShlyape,Patzel09,2,274
TigrVShlyape,Petrovic_Aleksa,3,274
TigrVShlyape,Pingah9,4,274
TigrVShlyape,Rakhimzhan_Alen,1,274
TigrVShlyape,Ramosha,2,274
TigrVShlyape,RobRam,1,274
TigrVShlyape,RobertoJBM,8,274
TigrVShlyape,RodokininEV,2,274
TigrVShlyape,Rubinstein_Akiba,1,274
TigrVShlyape,Rud_Makarian,15,274
TigrVShlyape,Russian_berezka,4,274
TigrVShlyape,Rutricks,4,274
TigrVShlyape,SRob2003,1,274
TigrVShlyape,SanchezKelvin,3,274
TigrVShlyape,SaqoChess_Twitch,8,274
TigrVShlyape,Sargsyan_Shant,2,274
TigrVShlyape,SashaKuzhilniy,2,274
TigrVShlyape,Sattarov_Bobur,4,274
TigrVShlyape,Savagelittlemole,1,274
TigrVShlyape,Semetey,3,274
TigrVShlyape,Shield12,4,274
TigrVShlyape,ShiroglanTalibov,7,274
TigrVShlyape,Siemba,1,274
TigrVShlyape,Sina_Movahed,8,274
TigrVShlyape,Sl4werThanYou,2,274
TigrVShlyape,Slovak_fighter2000,4,274
TigrVShlyape,Smirnov_Pavel,1,274
TigrVShlyape,Sokoloco,5,274
TigrVShlyape,Steven_Rojas,1,274
TigrVShlyape,Szparu,3,274
TigrVShlyape,TERMINATOR_PC,2,274
TigrVShlyape,TST2014,3,274
TigrVShlyape,TanitoluwaAps116,8,274
TigrVShlyape,Tehni4arce,2,274
TigrVShlyape,TheBigBoss04,4,274
TigrVShlyape,The_Machine04,3,274
TigrVShlyape,TitarovVasiliYouTube,1,274
TigrVShlyape,TrahtarBelarus,4,274
TigrVShlyape,UKR_Master,1,274
TigrVShlyape,Undisputed92,1,274
TigrVShlyape,Unmerciful_life,1,274
TigrVShlyape,Ural_bogatyr,3,274
TigrVShlyape,Vaibhavraut99,4,274
TigrVShlyape,VojtechPlat,1,274
TigrVShlyape,WPWPWP-2015,4,274
TigrVShlyape,Willychess95,1,274
TigrVShlyape,WindWhistler11,1,274
TigrVShlyape,Witik,16,274
TigrVShlyape,XDPS,4,274
TigrVShlyape,Zavgorodniy_Sergiy,2,274
TigrVShlyape,Zohid6,2,274
TigrVShlyape,Zurability,2,274
TigrVShlyape,aa175,4,274
TigrVShlyape,adotand,2,274
TigrVShlyape,aistrel,1,274
TigrVShlyape,ajian,2,274
TigrVShlyape,amateurchess20,1,274
TigrVShlyape,angelgab3,1,274
TigrVShlyape,arminmusovic,8,274
TigrVShlyape,atbenina64,1,274
TigrVShlyape,babyking1205,1,274
TigrVShlyape,balachess2006,2,274
TigrVShlyape,bardiya_Daneshvar,1,274
TigrVShlyape,bascheyaro,6,274
TigrVShlyape,bazar-wokzal,12,274
TigrVShlyape,benny_aizenberg,3,274
TigrVShlyape,betta2004,2,274
TigrVShlyape,biostatistician,9,274
TigrVShlyape,bipe137,1,274
TigrVShlyape,blitzking1729,3,274
TigrVShlyape,bocah_sakit,1,274
TigrVShlyape,carokannlover213,3,274
TigrVShlyape,cassoulet,2,274
TigrVShlyape,chakruchess,1,274
TigrVShlyape,chess123456s,3,274
TigrVShlyape,chess94cu,2,274
TigrVShlyape,chessablanca,1,274
TigrVShlyape,chessforthesun,2,274
TigrVShlyape,chessisveryfun1264,2,274
TigrVShlyape,dennisodessa,2,274
TigrVShlyape,deribas12345,1,274
TigrVShlyape,doons21,1,274
TigrVShlyape,dozer80,1,274
TigrVShlyape,eagleclaw07,1,274
TigrVShlyape,farzadbfd,1,274
TigrVShlyape,greekplayer1,3,274
TigrVShlyape,guilty93,2,274
TigrVShlyape,halfnatty,1,274
TigrVShlyape,harlem4brew,1,274
TigrVShlyape,harshu27,1,274
TigrVShlyape,jacky72,8,274
TigrVShlyape,jcibarra,2,274
TigrVShlyape,jeetjain,1,274
TigrVShlyape,jimis98,1,274
TigrVShlyape,johnathan113,1,274
TigrVShlyape,josmito10,1,274
TigrVShlyape,js20000,2,274
TigrVShlyape,jumpingknight20,1,274
TigrVShlyape,kikoveiga,6,274
TigrVShlyape,koncheto,4,274
TigrVShlyape,korason34,1,274
TigrVShlyape,koziororo,4,274
TigrVShlyape,krzyzan94,2,274
TigrVShlyape,kuzol,1,274
TigrVShlyape,lamomiajunior,3,274
TigrVShlyape,lavr92,1,274
TigrVShlyape,louis198,1,274
TigrVShlyape,luckyswitchback,1,274
TigrVShlyape,m_ezat,4,274
TigrVShlyape,mac0504,2,274
TigrVShlyape,mbachez,3,274
TigrVShlyape,mbojan,8,274
TigrVShlyape,micke12a,3,274
TigrVShlyape,mirciulica14,1,274
TigrVShlyape,mitrabhaa,2,274
TigrVShlyape,mr_gustavo,4,274
TigrVShlyape,nOcHeaTiNgKiD,1,274
TigrVShlyape,nekotyanof,1,274
TigrVShlyape,newyorkmouse,5,274
TigrVShlyape,ozates,3,274
TigrVShlyape,psychokiller48,2,274
TigrVShlyape,rdarruda,4,274
TigrVShlyape,remi04,3,274
TigrVShlyape,rezamahdavi2008,5,274
TigrVShlyape,rychessmaster1,3,274
TigrVShlyape,sergeikim,3,274
TigrVShlyape,siciliannaga,2,274
TigrVShlyape,sokidze,3,274
TigrVShlyape,spicycaterpillar,1,274
TigrVShlyape,stollenmonster,22,274
TigrVShlyape,thechesscorner64,1,274
TigrVShlyape,tteshan,1,274
TigrVShlyape,tvjosue,1,274
TigrVShlyape,ural58,4,274
TigrVShlyape,valeriocarnicelli,1,274
TigrVShlyape,valik3504,1,274
TigrVShlyape,vi_pranav,17,274
TigrVShlyape,vidavi,2,274
TigrVShlyape,vishwa_vijeta,2,274
TigrVShlyape,wqws,6,274
TigrVShlyape,xberli,1,274
TigrVShlyape,yosephtaher,1,274
TigrVShlyape,zeitnot2006,1,274
TigrVShlyape,zimmm36,3,274