username,blockedby,blockedby_count
03revilo,Tolyanius,1
1800_strength,TigrVShlyape,1
2Killer2,Fernando-Freire,1
2Tilted,SirParistonHill,1
2k28Lakers,Schattman,1
A-Fier,Jospem,1
ASVZ,DrCeltic,1
ATM622,colegiodemadrid,1
Adham_Fawzy,Jospem,1
Aemulus20,Schattman,1
Agibileg,TigrVShlyape,1
Airquake,TigrVShlyape,1
AjedrezInteligente,Schattman,1
Ajedrez_con_German,GMG,1
AjedrezenMadrid,LoydBlankenship,1
AkibaRubi,Zhigalko_Sergei,1
Aleksey_Sorokin,NikolaGry,1
Alex_Banzea,Krakozia,1
Alexander_Khlebovich,Jospem,1
Alexandr_Predke,LoydBlankenship,1
AlexandraSamaganova,VitorBronson,1
Alexchess1984,SirParistonHill,1
Alimpic,TigrVShlyape,1
Alina_Gumerovna,Guzman70,1
AlivodicDario,wild3000,1
Alomaterapia,SirParistonHill,1
Alopekos,BahadirOzen,1
AlphaPerseii,djano,1
Amirreza_p,TigrVShlyape,1
AnaKuchava,Cheer_Down,1
Andrei_Belozerov,Myshakov_Fedor,1
AndrewB92,dosto07,1
AniJak,AntonovaNadezhda,1
Anna_ChessMate,SirParistonHill,1
Annawel,Jospem,1
AnthonyWirig,Maitreia,1
ApacheSVD,Nesty_Javi_Chess,1
Apocalyps999,Lennis93,1
Arifarsky,TigrVShlyape,1
Arimin1329,LoydBlankenship,1
ArmanGhevondyanchess,Lennis93,1
Arnaldofdelavaramulet,SirParistonHill,1
ArrestingPieces,Lennis93,1
Arteler,vugarrasulov,1
Artem_0degov,TigrVShlyape,1
Artemiki,Lennis93,1
Artyom_ChessMate,anon6121824,1
AryanTari,vugarrasulov,1
Aslanov_Umid,Guzman70,1
AtabayevSaparmyrat,TigrVShlyape,1
AttilaTurzo,NikolaGry,1
AungTZ,Tonychess32,1
AvitalBor,SirParistonHill,1
BM223344,Nicolas_DeLaColina,1
Bad_left_hook,djano,1
BahadirOzen,nicoderboss24,1
Barbus89,Chess_master1982,1
Bastiandash,esrosenberg,1
BeardedNM,DrCeltic,1
BeautiFullMindChess,whitemirrorninja,1
Beca95,VladimirKramnik,1
BegmuratovKh2010,BahadirOzen,1
Berardino,Guzman70,1
BestStelker,TigrVShlyape,1
BigAl,Lennis93,1
Biranidun,Jospem,1
Bishops83,SirParistonHill,1
Blackmind96,Krakozia,1
Blitzstream,LoydBlankenship,1
Blue_Ratatoeskr,SirParistonHill,1
Bodnar_Mykola,TigrVShlyape,1
BozeKat,2k28Lakers,1
CFN_Good_Evening,GMG,1
CalinGheorghiu,LeoLV10,1
Camilla_Lee,Schattman,1
Caracternin123,Byniolus,1
Casper,Real_OceanStorm,1
CaspiIsrael,Guzman70,1
ChadBiryani,mac0504,1
Championnn-9,TigrVShlyape,1
Chemim21,Jakuboss22005,1
ChessFanNM,MYMChessAcademy,1
ChessFighter_2011,djano,1
ChessLover0108,Kirill_Klukin,1
ChessMavenYeti,Herman-NY,1
ChessQueen,Byniolus,1
ChessRespected,Bauman_Guy,1
ChessSwole,topce,1
Chesscoach_Golichenko,RobertoJBM,1
ChristopherYoo,baki83,1
Chuchofrio1,Russian_berezka,1
Coachpoker,OparinGrigoriy,1
Colombiano07,guillembaches,1
ContrVersia,SirParistonHill,1
Crasyhealer,Krakozia,1
CrazyMartian,Ze-Pequeno,1
Crazy_girl99,ckgchess,1
Crazy_passion_fruit,Oleg_Papayan,1
Cristi_Coca,ritanovikova,1
Cryptochess,WindWhistler11,1
Cuajada_Zero,rezamahdavi2008,1
DIMONBANAN,korbul,1
DKmirl,topce,1
Dacean99,VSERGUEI,1
Daffidollchess2,kuli4ik,1
DanielNaroditsky,Rud_Makarian,1
DanilNajdin,TigrVShlyape,1
Danny_Billiards,TigrVShlyape,1
DanylaBagrov,BahadirOzen,1
DarkAlekhine,TigrVShlyape,1
DenishevM,Byniolus,1
Devil_Sun,TigrVShlyape,1
Dinamo3,Bulldog167,1
Ditman2007,MalyDominator,1
Dom1nant1337,I_am_Javi,1
DonBroca,randomo,1
DonJuanEGenaro,GradualismUnleashed,1
Dontmesswithme_2,SanchezKelvin,1
Doudou2015,Guzman70,1
DrMamaliga,Smile2005,1
Ducke13,hsd2016,1
DumbKing75,Witik,1
Duong57,GalaxyRoman,1
Durarbayli,Rud_Makarian,1
EAtakishiyev11,OparinGrigoriy,1
EREBUNI91,Bulldog167,1
ETTrainer,HanSchut,1
EddieMarsalla,esrosenberg,1
Eeleyah,LoydBlankenship,1
Ehsan_GhaemMaghami,Bulldog167,1
ElDivis,TigrVShlyape,1
ElenGajger,stolencandy13,1
Ellaijio_B,TigrVShlyape,1
Eloist,Lennis93,1
Elprofessor21,Witik,1
Enriquack,2Tilted,1
Evandro_Barbosa,BeanScreen,1
Everyfishknows,esrosenberg,1
EvilMorty23,TRadjabov,1
ExchangeAB,Makswolf200817,1
FM-to-GM,Cheer_Down,1
FMJoseHerrera,acertijo08,1
FMStan15,LeoLV10,1
FMjchristie,levallem,1
Fandorine,SirParistonHill,1
Fantastic_Power,TigrVShlyape,1
Fh2411,GalaxyRoman,1
Fisher_TheGalactic,Guzman70,1
Flash_BJ,Defenstrator,1
Flawless_Fighter,GMG,1
FlemingA,LeoLV10,1
Flopezin,Witik,1
FoggyMorning,TigrVShlyape,1
FontVella8,TigrVShlyape,1
Fore_Man,2k28Lakers,1
Franmu14,Guzman70,1
FrenchHarvey,alertakobra,1
FrenchMonster2002,Lennis93,1
FuenfgegenWilly,slavenok,1
Fusikk,SirParistonHill,1
Fuzesabonyilaci,Schattman,1
GAusal,djano,1
GM4L,zaur-mammadov,1
GMFYHR1,Tobias_Koelle,1
GMTalks_Youtube,Twitch_ElhamBlitz05,1
GMthekingindian,guillembaches,1
GP9isback23,TigrVShlyape,1
GaalZsoka,LeoLV10,1
Gabix_94,Bigfish1995,1
Gabrielian_Artur,Jospem,1
GadimbayliA,ChessWarrior7197,1
Garmendiarov,Marcin,1
GasconJR,IsikCan05,1
Genghis_K,Jospem,1
Ginzburg_Yakov,Sweafty,1
GodDMuhammad,SirParistonHill,1
Godzillator,Guzman70,1
Goffredo_Fofi,Sl4werThanYou,1
Goran_Vajic,TigrVShlyape,1
Gravity_Chess,esrosenberg,1
Grebeniuk-S,esrosenberg,1
GrigorGrigorov,Rud_Makarian,1
Grossboss19,TigrVShlyape,1
GrumbleBruno,BahadirOzen,1
Guzman70,BashirovKemal,1
Gyulamiryan-koryun,HanSchut,1
H3nriqueTV,Tonychess32,1
HalfIsCrayfish,TigrVShlyape,1
HamedWafa4,ckgchess,1
Hamisandwich,Rumpel-VK,1
Harald_Schmidt,SirParistonHill,1
Heineccius,Schattman,1
HeinichessPY,LoydBlankenship,1
HenriL,Chess_master1982,1
Henryk_S,LeoLV10,1
Herzog2012,HajiyevKanan,1
Hikaru,Krakozia,1
Hooded_Old_Man,Tonychess32,1
Hrant_ChessMood,Jospem,1
Hurghada,BeanScreen,1
IMRosen,Jospem,1
IMSlavin,HanSchut,1
I_am_Javi,Dom1nant1337,1
IamSchrodingersCat,Guzman70,1
Incognito_Knight,TigrVShlyape,1
Indianlad,Tactrics,1
Irishchessman16,Athanasios2,1
JERO-8914,Forge13,1
Jackalhead_Anubis,Lennis93,1
JacksterThePro,Lennis93,1
Jarming,TigrVShlyape,1
Jeffinho023,djano,1
JoachimMouhamad,NikolaGry,1
JoakimVonAnd,djano,1
JonahWillow,psychokiller48,1
Joshukid,Leonid_Starozhilov,1
JuniorJumper,WindWhistler11,1
KATPAH,Guzman70,1
K_A_S_T_O_R,Njal28,1
Kaiyrbekov,Francisco_Ferrari,1
KamilGrycel,Ze-Pequeno,1
Karacsonyi_Gellert,TigrVShlyape,1
KaydenTroffChess,OparinGrigoriy,1
Keithonsky,BahadirOzen,1
Keranke,ShiroglanTalibov,1
Kezin_Roman,Jospem,1
Khromkin,HanSchut,1
Kiborg95,Krakozia,1
Kielinkei,ritanovikova,1
KingCyber19,SirParistonHill,1
Kingstar70,SirParistonHill,1
Kislov_Oleg,Real_OceanStorm,1
Kobalia,SirParistonHill,1
Kotofeyca,Tobias_Koelle,1
KrokerGuy,Witik,1
LaPiToB,LoydBlankenship,1
Laico,NelsonLinda,1
LangesNasenhaar,TigrVShlyape,1
Langua_Chess,Witik,1
LawrenceTrent,Myshakov_Fedor,1
LeoLV10,TigrVShlyape,1
LoaySameer,Incognito_Knight,1
LornerAcosta,guillembaches,1
Lovinski,guillembaches,1
LuisFSiles,OglazaOskar2005,1
MAGMAchess02,sergeikim,1
Machidon,TigrVShlyape,1
Maestro1986,GMWSO,1
MaevskiyNikolay,TigrVShlyape,1
MagnusCarlsen,baki83,1
Maikrosoft63,TigrVShlyape,1
Maitreia,Guzman70,1
MalyDominator,Lennis93,1
Marcin,Ready4abattle,1
MasterKroket,BahadirOzen,1
Matibar,Jospem,1
MatyChess1,TigrVShlyape,1
Maxterlopez,halfnatty,1
McCarthyStone,Kirill_Klukin,1
Me_ch_an,SirParistonHill,1
MeesvanOsch,Leonid_Starozhilov,1
MetiForce,esrosenberg,1
Mihaiionescu1,gmjoey1,1
Mikayel99,TigrVShlyape,1
Mikedannnn,OlegKrivonosov,1
Mikhal867,The_Machine04,1
Mischuk_D,TigrVShlyape,1
Misticpikachu,Schattman,1
Mostii,esrosenberg,1
MrKooshaChess_Twitch,SirParistonHill,1
MrMatesM,Maitreia,1
MrTattaglia,SirParistonHill,1
Murad_Ibrahimli,TigrVShlyape,1
MustafayevFarid2004,Jospem,1
N18player,TigrVShlyape,1
NLLO777,Witik,1
NMJeevanK,TigrVShlyape,1
Nbk90,KononenkoD,1
Nick12772,WilsonPalencia21,1
Nicolas_DeLaColina,Guzman70,1
NigelDwarf,stolencandy13,1
NikoTheodorou,nihalsarin,1
Nikolakis2014,Jospem,1
NoGalloNoParty,SoCalJuniorChess,1
NoHeThTo,TigrVShlyape,1
NodariousBIG,Arystanner,1
Noki102,NikolaGry,1
Nozdrachev_Leonid,esrosenberg,1
Nuvas,Schattman,1
ObidObad,NikolaGry,1
OhanyanEminChess,TigrVShlyape,1
OlegKrivonosov,Myshakov_Fedor,1
Ordekalog,LeoLV10,1
Orujov2008,Khromkin,1
PEACE_POWER,StegariuVlad,1
PacingRope,Oleksandr_Bortnyk,1
PapaieDudu,zverr1,1
PapiPapita,Witik,1
PawnEatingZombie,LeoLV10,1
Pawnpusherschessaccademy,HajiyevKanan,1
Payyappat,Russian_berezka,1
Pelopidass,Guzman70,1
Perecke,esrosenberg,1
PierrotFace,BeardedNM,1
Pintacara,BahadirOzen,1
Piotrek1979,Andrej2004,1
PlymouthArgyle,KorolDimitriy75,1
PolandHussars,vovachesss,1
Pomberito2,dosto07,1
Practical-Play,Lennis93,1
ProfessorChess101,guillembaches,1
ProphetoftheLord,shirovin,1
PushingpawnsNYC,BeardedNM,1
Qnmeng,Jospem,1
Qvalda,Oleg_Papayan,1
Rafael_Ventura,LeoLV10,1
Rakhimzhan_Alen,TigrVShlyape,1
Rakhmanov_Aleksandr,Krakozia,1
Rakitic2010,LiamPutnam2008,1
Ramil_Faizrakhmanov,Witik,1
RamyresCoelho,GAusal,1
RandomNoob04,WindWhistler11,1
RaneshRatnesan,esrosenberg,1
Raskolnikov6,LeoLV10,1
Reality-Stone,BahadirOzen,1
Redzishchess,Schattman,1
Rgoltsman,Goi_Manne,1
RianKapriaga,Lennis93,1
Riku-gan,SanchezKelvin,1
RobRam,TigrVShlyape,1
Roedor,carokannlover213,1
Roman_Ovetchkin,Jospem,1
Romkachess,Guzman70,1
Rubinstein_Akiba,TigrVShlyape,1
RuppertPumpkin,vladislavkovalev,1
Rybka1989,Sweafty,1
SARGISMV,Lennis93,1
SEBAZZANO,randomo,1
SRob2003,TigrVShlyape,1
SahibSinghKnight,Tonychess32,1
Salem-AR,Twitch_ElhamBlitz05,1
Samatsa,Tramontanaaa,1
SandwichOSaumon,BahadirOzen,1
Sanyura,Byniolus,1
SargissyanSargis,carokannlover213,1
Savagelittlemole,TigrVShlyape,1
SchachmattTV_Tobi,u-art,1
SchmakAttack,Schattman,1
SerGo055,kleinebeer98,1
Sergey85Rodchenkov,OparinGrigoriy,1
SergioMoralesG,zverr1,1
ShadowJolteon,BahadirOzen,1
Sharan_Rao,splendidkid,1
SharapovEvgeny,guillembaches,1
Shivananda1964,WindWhistler11,1
SidArun,Gold_Ocean,1
Siemba,TigrVShlyape,1
SilverCityIndigo,Russian_berezka,1
Sinquefield,Schattman,1
Skatchkov_V,DuleMudule,1
Slovineanu,Sweafty,1
SmirnovTimofey2000,WindWhistler11,1
Smirnov_Pavel,TigrVShlyape,1
Sofia_Blokhin,LeoLV10,1
Statham_l3,MetiForce,1
StellarChess,Lennis93,1
Stephenzinho,JoliyRoger,1
Steven_Rojas,TigrVShlyape,1
StoreySniper,Athanasios2,1
Sulthankan,Andrej2004,1
Sunny_Star,howitzer14,1
Sweafty,stollenmonster,1
Sychev_Klementy,topin8,1
Sychev_on_YouTube,Rsnr,1
THE_PLAYER6,carokannlover213,1
Taktikmonster,alexrustemov,1
TatjanaVasilevich,carokannlover213,1
Teidi96,WindWhistler11,1
TheMagician,dcremisi,1
TheOneTrapMan,djano,1
ThePeacefulPanda,TanitoluwaAps116,1
The_Sherman_Variation,carokannlover213,1
Thormento16,DrCeltic,1
Ticoluis,BeanScreen,1
TimGrutter03,Schattman,1
TimofeevAr,Ol_Bilych,1
TitarovVasiliYouTube,TigrVShlyape,1
Tobias_Koelle,Rud_Makarian,1
ToddBryant,Ready4abattle,1
Tolyanius,Schattman,1
Tonychess32,Guzman70,1
Topblitz,Myshakov_Fedor,1
TregubovP,LeoLV10,1
TreinadorBR,Lovinski,1
Trovita84,levallem,1
Tssunami,Makswolf200817,1
Tsyhanchuk_Stanislav,cukin84,1
Tunahan_Makaraci,Jospem,1
UKR_Master,TigrVShlyape,1
UK_23,LeoLV10,1
Undisputed92,TigrVShlyape,1
Unmerciful_life,TigrVShlyape,1
VB84,u-art,1
ValeriyGrinev,Schattman,1
Valeron87,Guzman70,1
Vamostodorecto,NikolaGry,1
Veleamater,albano87,1
Viacheslav92,Haykoooo0o,1
VincentKeymer,BahadirOzen,1
VitaliyChayka,WindWhistler11,1
VladimirBelous,SirParistonHill,1
VladimirKramnik,BeanScreen,1
VladyC,Mischuk_D,1
VojtechPlat,TigrVShlyape,1
Vsevolod_Ovchinnikov,romulocardoso,1
Vusatiuk_Vladimir,MatthewG-p4p,1
Walter_White_Poland,The_filthy,1
WatchUrClock,Schattman,1
WelshTiger,XxPetroffsxX,1
WiktoriaPOL,djano,1
WildTricks,HajiyevKanan,1
Willhaven3,Guzman70,1
Willi_Skibbe,AmanteDeMoi,1
WilliamAlfaroCaracas,Myshakov_Fedor,1
Willychess95,TigrVShlyape,1
WindWhistler11,TigrVShlyape,1
XiaoKangZhong,Guzman70,1
YairParkhov,Guzman70,1
Ykow,HanSchut,1
Yosha_Iglesias,Guzman70,1
Young_Catalan_Player09,noblerone,1
Yurovskykh_Oleksandr,OparinGrigoriy,1
Zakaryan_David,SirParistonHill,1
Zampronha1971,Oleg_Papayan,1
Zhuu96,Njal28,1
Zorbos,GoltsevDmitry2000,1
Zq1,BahadirOzen,1
a-z30,korbul,1
abc_xyz4744,The_Machine04,1
adapodadei,WindWhistler11,1
ahkashefi2800,Zohid6,1
aistrel,TigrVShlyape,1
akinov-akinseye,BeardedNM,1
albayo,ckgchess,1
alexg2003,esrosenberg,1
almaguerjm,Veleamater,1
alvarorodriguezavila,WindWhistler11,1
amanjazu,Herman-NY,1
amateurchess20,TigrVShlyape,1
ameetghasi100,WindWhistler11,1
amintabatabaei,Jospem,1
amylazy,meoluoi91,1
andrzej,AwareIdea,1
anesar92,Myshakov_Fedor,1
angelgab3,TigrVShlyape,1
anon05132,SirParistonHill,1
arenal72,LeoLV10,1
artooon,Rud_Makarian,1
atalz0,BahadirOzen,1
atbenina64,TigrVShlyape,1
atigerman,SirParistonHill,1
averageFM,ViIIagra,1
ayme97,Schattman,1
azikom,SirParistonHill,1
babyking1205,TigrVShlyape,1
barbara25,brm72,1
bardiya_Daneshvar,TigrVShlyape,1
beatles_22,SirParistonHill,1
becemix,YellowJacek,1
benkoni_KID,Myshakov_Fedor,1
bennyficial,HajiyevKanan,1
bescmelasti,Josgar05,1
biesiadnik,DuleMudule,1
bipe137,TigrVShlyape,1
bocah_sakit,TigrVShlyape,1
broskolis,Lennis93,1
brunoo2003,Guzman70,1
bubeliang,GMG,1
c63_amg,oskariot,1
c_minusminus,NLLO777,1
campochess,MYMChessAcademy,1
cande_francisco,Fore_Man,1
carlsen1001,BahadirOzen,1
chakruchess,TigrVShlyape,1
chegueps,alexrustemov,1
chenrip,sergeikim,1
chessablanca,TigrVShlyape,1
chessajedrezz2020,Schattman,1
chessdjw,Jospem,1
chessking0310,Zavgorodniy_Sergiy,1
chesstrainer2042,carokannlover213,1
chika-lily,SirParistonHill,1
colegiodemadrid,rezamahdavi2008,1
crazy_m_attack,carokannlover213,1
crosky,Makswolf200817,1
csati17,Jospem,1
daika91,NotYetFinish,1
davidarenas1224,Athanasios2,1
davigator,korbul,1
dawid498,starworld123,1
dcremisi,vladislavkovalev,1
dedpihto_v_kozhanom_palto,Sweafty,1
demon64fields,Msb2,1
deribas12345,TigrVShlyape,1
djogrodek1,Guzman70,1
doons21,TigrVShlyape,1
dorpato,Herman-NY,1
dozer80,TigrVShlyape,1
draksbg,mind1mover,1
drdaro,Oleg_Papayan,1
eagleclaw07,TigrVShlyape,1
ecwinslow,Guzman70,1
egnfanclub,Lennis93,1
el_sporco,DrCeltic,1
elcandado,SirParistonHill,1
eltrain1971,djano,1
enestnrvrd,Krakozia,1
enriquetejedor,Jospem,1
erugee,guillembaches,1
exoticprincess,BahadirOzen,1
fadamos,SirParistonHill,1
falzehope0,Lennis93,1
farzadbfd,TigrVShlyape,1
fen_fire,Guzman70,1
ferrufino64,realburq,1
financieru,Lennis93,1
fks_stal_mielec,WindWhistler11,1
gahryman,WindWhistler11,1
giomar27,RCone,1
googlegoom,BahadirOzen,1
grunbergmihai,Lennis93,1
gshwbedhkhd,Krakozia,1
gueraumasague,Cheer_Down,1
hakanazeri2,Lennis93,1
halfnatty,TigrVShlyape,1
harlem4brew,TigrVShlyape,1
harshu27,TigrVShlyape,1
hellokostya,Maitreia,1
honestgames,Maitreia,1
ibove,Lovinski,1
igorkovalenko,Hikaru,1
ilushka,BahadirOzen,1
imdvb6307,Krakozia,1
isaak2009,Dyadya81,1
jakopogi,SirParistonHill,1
jaldjald,LoydBlankenship,1
jayden960,nicoderboss24,1
jeetjain,TigrVShlyape,1
jens1102,DuleMudule,1
jimis98,TigrVShlyape,1
johnathan113,TigrVShlyape,1
joppie2,eljanov,1
jorquerino,NoGalloNoParty,1
josmito10,TigrVShlyape,1
juancruzarias,JaloliddinIlkhomi,1
jumpingknight20,TigrVShlyape,1
jup1978,poummba,1
kaanadayhamle,carokannlover213,1
kereswasbest,Schattman,1
kinga2008,korbul,1
kingandqueen2017,realburq,1
kleopl,carokannlover213,1
korason34,TigrVShlyape,1
korbul,Real_OceanStorm,1
kosmeg,Guzman70,1
kreonx,sergeikim,1
kripri,Tolyanius,1
krstulov_alex,econpower,1
krucki03,NovozhilovSemen,1
kuli4ik,Marcus_Harvey,1
kuruhuru,sergeikim,1
kuzol,TigrVShlyape,1
lagarto93,Guzman70,1
larsmandreassen,Kildepiotr,1
laskakid,ritanovikova,1
lavr92,TigrVShlyape,1
lhavas,dosto07,1
lilleper1,Jospem,1
littlepinkyboy,djano,1
littleplotkin,Witik,1
lluiss,Guzman70,1
lolo9292,AbasovN,1
louis198,TigrVShlyape,1
luckyswitchback,TigrVShlyape,1
luizzy,Lennis93,1
lukas_111111,Arseniy_Nesterov,1
maciek_92,Jospem,1
manmanlai1,Schattman,1
maracayo,SirParistonHill,1
marcodobrikov,Witik,1
margarita_2703,BeanScreen,1
marik_spb,BENO_CHESS,1
matenitian,esrosenberg,1
maximnovik,Lennis93,1
maxip32,Schattman,1
medinapazmiguel1968,DuleMudule,1
meeraa77,Sweafty,1
melissa_guez,Fan_Of_Chucky,1
meoluoi91,WindWhistler11,1
mestrefeitosa19,LoydBlankenship,1
midedu,DanylaBagrov,1
mikheeva86,HanSchut,1
mind1mover,Harry_Rakkel,1
miraitrunks,djano,1
mirciulica14,TigrVShlyape,1
missponyo10,giomar27,1
mistrzemi,TheCavemanChess,1
mjray79,Jospem,1
momotaro77,GiorgianBarbosa,1
monkins,catzapto,1
moro182,SirParistonHill,1
mortngabriel,Real_OceanStorm,1
motivated_bishop,BahadirOzen,1
mouniouboun,13MiRacLe,1
mshuaau0,The_filthy,1
muchojogo,Sergey85Rodchenkov,1
nOcHeaTiNgKiD,TigrVShlyape,1
nekotyanof,TigrVShlyape,1
nicolochessit,elamier,1
nihalsarin,Rud_Makarian,1
nikitakhoroshev,BahadirOzen,1
ninguno46,Schattman,1
nitpicker,WindWhistler11,1
noblerone,AlexPapasimakopoulos,1
norwaytoadog,Barbus89,1
nrvisakh,SirParistonHill,1
olawsson,Myshakov_Fedor,1
only_strong_moves,Lennis93,1
osh1ro,Treasurechess777,1
paradise10,I_am_Javi,1
pasteta13,Gentlejimmy7,1
penguingm1,Twitch_ElhamBlitz05,1
peonrojo150,djano,1
playablecharacter,Lennis93,1
ploddingpawn,SAInt_666,1
ploxoi,NelsonLinda,1
pokochajszachy,chessdragon7161,1
poluprovodnik01,elamier,1
profedechess93,WindWhistler11,1
qx4z,LoydBlankenship,1
realburq,SirParistonHill,1
rednova1729,KrolPawel92OnTwitch,1
reevecanada,NikolaGry,1
rikchessmx,Sweafty,1
ril1997,Schattman,1
ritanovikova,SanchezKelvin,1
rk12387,Schattman,1
rrgchessmaster05,esrosenberg,1
ruifeng,Lennis93,1
sakkikuska,Lennis93,1
samidescalona2002,Ready4abattle,1
samolo,Herman-NY,1
scandalgod,ViIIagra,1
secrethawk1,LeoLV10,1
seorobert1971,Jospem,1
sergiochess83,alexrustemov,1
sestremera,Schattman,1
shimastream,econpower,1
soloderisas,demon64fields,1
spicycaterpillar,TigrVShlyape,1
starplatinum2030,carokannlover213,1
subham777,carokannlover213,1
svilson23,dosto07,1
tacticthunder,WindWhistler11,1
tandaleo,I_am_Javi,1
tandercat,KorolDimitriy75,1
temiksmozg,Guzman70,1
theLazyAnalyst,Schwarzschidl,1
the_chess_child,igorkovalenko,1
thechesscorner64,TigrVShlyape,1
tolimachess,m_ezat,1
tomobeast,guillembaches,1
tteshan,TigrVShlyape,1
tusplingher,carokannlover213,1
tvjosue,TigrVShlyape,1
twitchTriniCupid,SnekkerAndersen,1
twofoxniel,Witik,1
u-art,ckgchess,1
ulises2013,sergoy,1
ultranemesis,Schattman,1
valeriocarnicelli,TigrVShlyape,1
valik3504,TigrVShlyape,1
venturov,Guzman70,1
vladgoncharov,WindWhistler11,1
vladislavkovalev,Jospem,1
vova-79,NoGalloNoParty,1
wadsy27,NikolaGry,1
wanderingexplorer,Chess_master1982,1
wannabe2700,Jospem,1
waspofborneo,Schattman,1
wgraif,ckgchess,1
whitemirrorninja,carokannlover213,1
workhard91,HajiyevKanan,1
x-3738459472,PavelChernomordik,1
xberli,TigrVShlyape,1
xozr,Sergey85Rodchenkov,1
ylr5000,Witik,1
yosephtaher,TigrVShlyape,1
zaur-mammadov,Jospem,1
zeitnot2006,TigrVShlyape,1
zeitnotakrobat,GalaxyRoman,1
zenitushka,Ze-Pequeno,1
zivicd,WindWhistler11,1
zubridis,Jospem,1
zverr1,Oleksandr_Bortnyk,1
1stSecond,SirParistonHill,2
1stSecond,guillembaches,2
AhmadzadaA,Lennis93,2
AhmadzadaA,Tonychess32,2
Akewjon,OparinGrigoriy,2
Akewjon,vi_pranav,2
AleksandrAleksikov,BeanScreen,2
AleksandrAleksikov,Chesstar,2
Alex_Sahakyan2006,TigrVShlyape,2
Alex_Sahakyan2006,mac0504,2
Ali_rastbod,Byniolus,2
Ali_rastbod,Guzman70,2
AlmasChampion1,KrolPawel92OnTwitch,2
AlmasChampion1,MalyDominator,2
Alohamora11,Schattman,2
Alohamora11,TigrVShlyape,2
AmanteDeMoi,Guzman70,2
AmanteDeMoi,esrosenberg,2
Andrej2004,Lennis93,2
Andrej2004,dosto07,2
AndresDelgado77,Guzman70,2
AndresDelgado77,Schattman,2
Andrii_Prydun,FredddieCroderg,2
Andrii_Prydun,sergeikim,2
Anton_Demchenko,DuleMudule,2
Anton_Demchenko,Rsnr,2
Arek_pacitan,Leonid_Starozhilov,2
Arek_pacitan,TigrVShlyape,2
Athanasios2,Marcus_Harvey,2
Athanasios2,Schattman,2
Azatic,TigrVShlyape,2
Azatic,Zq1,2
Azeryahu,Jospem,2
Azeryahu,vi_pranav,2
BENO_CHESS,ChessShop,2
BENO_CHESS,SirParistonHill,2
BardArtem,JimDiGrease,2
BardArtem,TigrVShlyape,2
Barmen_EV,AradNazari,2
Barmen_EV,HanSchut,2
Battlecruiser_Operational,Lennis93,2
Battlecruiser_Operational,Leonid_Starozhilov,2
BetonCarlsen,Jospem,2
BetonCarlsen,Nbk90,2
BrandonJacobson,Rud_Makarian,2
BrandonJacobson,eljanov,2
CaptainCasanova,BahadirOzen,2
CaptainCasanova,MITerryble,2
CarlssonLudvig,BENO_CHESS,2
CarlssonLudvig,alexrustemov,2
Carnivoras,FormerProdigy,2
Carnivoras,TigrVShlyape,2
Cayse,LoydBlankenship,2
Cayse,NotYetFinish,2
Cheer_Down,LeoLV10,2
Cheer_Down,SlavenPastar,2
ChessLebaneseSalah,dosto07,2
ChessLebaneseSalah,lolo9292,2
Chessbard1972,The_filthy,2
Chessbard1972,dosto07,2
ChuckPhil,Guzman70,2
ChuckPhil,Schattman,2
DanielDardha2005,Beca95,2
DanielDardha2005,oskariot,2
DanielTitichoca,BahadirOzen,2
DanielTitichoca,GMG,2
Defend1r,alexrustemov,2
Defend1r,carokannlover213,2
Defenstrator,JordanLoyd2020,2
Defenstrator,Ready4abattle,2
Der_Balak_3Halak,LoydBlankenship,2
Der_Balak_3Halak,djano,2
Dilshad92,Ze-Pequeno,2
Dilshad92,dosto07,2
Djager97,GalaxyRoman,2
Djager97,Orest_Vovk,2
Dragon_Dmitry,GalaxyRoman,2
Dragon_Dmitry,TigrVShlyape,2
Dzidzik2203,Squirlolz,2
Dzidzik2203,kuli4ik,2
Eagle_2019,Herman-NY,2
Eagle_2019,Tonychess32,2
Egor_Koshulyan,TigrVShlyape,2
Egor_Koshulyan,Witik,2
Eternauta2400,Jospem,2
Eternauta2400,dawid498,2
FGHSMN,DonkyDonkyDonkey,2
FGHSMN,TigrVShlyape,2
FairChess_on_YouTube,Bulldog167,2
FairChess_on_YouTube,Jospem,2
Fan_Of_Chucky,Nekoo04,2
Fan_Of_Chucky,alexrustemov,2
Fighterman91,Byniolus,2
Fighterman91,TigrVShlyape,2
Fleetw00dMac,carokannlover213,2
Fleetw00dMac,djano,2
Fonsofan,Krakozia,2
Fonsofan,lavr92,2
GAO,Herman-NY,2
GAO,Tonychess32,2
GMCarbone,Lennis93,2
GMCarbone,TigrVShlyape,2
GMG,Angry_Twin,2
GMG,Witik,2
GMSrinath,OparinGrigoriy,2
GMSrinath,TigrVShlyape,2
GaiozNigalidze,Schattman,2
GaiozNigalidze,WindWhistler11,2
Gareth-Bale11,Jospem,2
Gareth-Bale11,Lennis93,2
Giorno,Lennis93,2
Giorno,Veleamater,2
Good_Knight_Kiss,LeoLV10,2
Good_Knight_Kiss,Ze-Pequeno,2
Grandmaster2B,Sweafty,2
Grandmaster2B,vugarrasulov,2
HATilay,TigrVShlyape,2
HATilay,burbur555,2
HSH1987,TigrVShlyape,2
HSH1987,anon102030,2
HanSchut,SirParistonHill,2
HanSchut,colegiodemadrid,2
Hasangatin_Ramil,guillembaches,2
Hasangatin_Ramil,kushagramohan,2
Hope_6,RobertoJBM,2
Hope_6,TigrVShlyape,2
Hoshka,esrosenberg,2
Hoshka,levallem,2
HouseOfDurin,Langua_Chess,2
HouseOfDurin,Orest_Vovk,2
IM_ArthurDW08,TigrVShlyape,2
IM_ArthurDW08,alexrustemov,2
IlyaGrigorjev,GMG,2
IlyaGrigorjev,sergiochess83,2
Inepton_Fermion,The_Straightforward_Rook,2
Inepton_Fermion,carokannlover213,2
IwkooO,Sychev_on_YouTube,2
IwkooO,kuli4ik,2
Jadeit90,KrolPawel92OnTwitch,2
Jadeit90,nevmenko,2
Jahonas,BeanScreen,2
Jahonas,SirParistonHill,2
Journey_to_GrandMaster_YT,CarlosAlbornoz,2
Journey_to_GrandMaster_YT,Guzman70,2
KVAIDAN,Ze-Pequeno,2
KVAIDAN,ritanovikova,2
KarateBaby,Aborigen_came,2
KarateBaby,manitodeplomo,2
Kirill_Klukin,Krakozia,2
Kirill_Klukin,Schattman,2
Kopylov_Alex,Alex_Terzi,2
Kopylov_Alex,Witik,2
Kosak12,Lennis93,2
Kosak12,sergoy,2
Lagravesamuell,TigrVShlyape,2
Lagravesamuell,Twitch_ElhamBlitz05,2
LeRoidesChampions,BahadirOzen,2
LeRoidesChampions,esrosenberg,2
MBA_CHESS_2021,Forge13,2
MBA_CHESS_2021,carokannlover213,2
MVM2008,Nadtkins,2
MVM2008,moro182,2
MYMChessAcademy,Lennis93,2
MYMChessAcademy,kuruhuru,2
Mackster23,DuleMudule,2
Mackster23,HanSchut,2
Macron20hTF1,Azerichess,2
Macron20hTF1,ChesscularGodofchess,2
Markov_Mikhail,Jumbo,2
Markov_Mikhail,TigrVShlyape,2
Matols,HanSchut,2
Matols,LeoLV10,2
MatthewG-p4p,TigrVShlyape,2
MatthewG-p4p,Zavgorodniy_Sergiy,2
MaxLeto,GAusal,2
MaxLeto,GMTalks_Youtube,2
Maxfan2008,Schattman,2
Maxfan2008,demon64fields,2
MdChess1734,Lennis93,2
MdChess1734,guillembaches,2
Meri-Arabidze,Guzman70,2
Meri-Arabidze,TigrVShlyape,2
Metadast,I_am_Javi,2
Metadast,TigrVShlyape,2
MiFerz44,OparinGrigoriy,2
MiFerz44,TigrVShlyape,2
Mikhail_Bryakin,TigrVShlyape,2
Mikhail_Bryakin,Twitch_ElhamBlitz05,2
Mr_Heisenberg13,Bilan_Danila,2
Mr_Heisenberg13,Lennis93,2
Mykola-Bortnyk,Rud_Makarian,2
Mykola-Bortnyk,TigrVShlyape,2
Ncatt,MatthewG-p4p,2
Ncatt,ritanovikova,2
Nemegejas,Jospem,2
Nemegejas,mishanick,2
Nesty_Javi_Chess,Jospem,2
Nesty_Javi_Chess,SirParistonHill,2
Nitzan_Steinberg,Byniolus,2
Nitzan_Steinberg,LoydBlankenship,2
OglazaOskar2005,Bilan_Danila,2
OglazaOskar2005,Orest_Vovk,2
Oleg_Papayan,BeanScreen,2
Oleg_Papayan,Nor1lsk,2
Pastore1978,Druid24,2
Pastore1978,WindWhistler11,2
Patzel09,Jospem,2
Patzel09,TigrVShlyape,2
PavelChernomordik,Schattman,2
PavelChernomordik,SirParistonHill,2
PeshkaCh,Jospem,2
PeshkaCh,OparinGrigoriy,2
Polish_fighter3000,Twitch_ElhamBlitz05,2
Polish_fighter3000,VladimirKramnik,2
PositionalPanther,SirParistonHill,2
PositionalPanther,vidavi,2
Quattroporte300,Igel2023,2
Quattroporte300,ShahMatKanal,2
RJRA94,Ready4abattle,2
RJRA94,dosto07,2
Ramosha,Cheer_Down,2
Ramosha,TigrVShlyape,2
Ranindu2003,Zavgorodniy_Sergiy,2
Ranindu2003,djano,2
Road2GM3000,HajiyevKanan,2
Road2GM3000,Sattarov_Bobur,2
RodokininEV,TigrVShlyape,2
RodokininEV,Witik,2
Rosh1610,GAusal,2
Rosh1610,dawid498,2
Rsnr,GMG,2
Rsnr,wannabe2700,2
Sanan_Sjugirov,Ol_Bilych,2
Sanan_Sjugirov,alexrustemov,2
Sargsyan_Shant,Jospem,2
Sargsyan_Shant,TigrVShlyape,2
SashaKuzhilniy,BahadirOzen,2
SashaKuzhilniy,TigrVShlyape,2
Sl4werThanYou,TigrVShlyape,2
Sl4werThanYou,anon6121824,2
SlavenPastar,Lennis93,2
SlavenPastar,NikolaGry,2
SpongeBob_03,AwareIdea,2
SpongeBob_03,HouseOfDurin,2
Steegersee,Lennis93,2
Steegersee,SirParistonHill,2
TERMINATOR_PC,TigrVShlyape,2
TERMINATOR_PC,Tonychess32,2
Tehni4arce,Arystanner,2
Tehni4arce,TigrVShlyape,2
TheoSlade,WindWhistler11,2
TheoSlade,rezamahdavi2008,2
Vaathi_Coming,Jospem,2
Vaathi_Coming,Schattman,2
ViralduS,Oleg_Papayan,2
ViralduS,Tolyanius,2
Vladimir_Zakhartsov,Chessexplained,2
Vladimir_Zakhartsov,LoydBlankenship,2
Vuk2000,NikolaGry,2
Vuk2000,guillembaches,2
WinOrTilt,WindWhistler11,2
WinOrTilt,qqwow,2
Wizard_97,SanchezKelvin,2
Wizard_97,Witik,2
YellowJacek,Ajedrez_con_German,2
YellowJacek,Lennis93,2
Yoda1992,Amirreza_p,2
Yoda1992,Guzman70,2
Zavgorodniy_Sergiy,TigrVShlyape,2
Zavgorodniy_Sergiy,ozates,2
Ze-Pequeno,CrazyMartian,2
Ze-Pequeno,andrzej,2
Zhigalko_Sergei,BahadirOzen,2
Zhigalko_Sergei,Krakozia,2
Zohid6,BahadirOzen,2
Zohid6,TigrVShlyape,2
Zurability,Baronessa08,2
Zurability,TigrVShlyape,2
adotand,TigrVShlyape,2
adotand,karinachess1,2
ajian,TigrVShlyape,2
ajian,Twitch_ElhamBlitz05,2
anon102030,crazyluzhinTh3,2
anon102030,econpower,2
ashookk,LoydBlankenship,2
ashookk,dosto07,2
balachess2006,TigrVShlyape,2
balachess2006,ckgchess,2
betta2004,Ready4abattle,2
betta2004,TigrVShlyape,2
blueryder,JordanLoyd2020,2
blueryder,MYMChessAcademy,2
brm72,Oleg_Papayan,2
brm72,kleinebeer98,2
burbur555,TanitoluwaAps116,2
burbur555,Witik,2
cassoulet,TigrVShlyape,2
cassoulet,vi_pranav,2
chess94cu,Schattman,2
chess94cu,TigrVShlyape,2
chessforthesun,TigrVShlyape,2
chessforthesun,djano,2
chessisveryfun1264,TigrVShlyape,2
chessisveryfun1264,zouchen6,2
chito89,Jospem,2
chito89,econpower,2
cristiano78,GAusal,2
cristiano78,nOcHeaTiNgKiD,2
daro94,Jospem,2
daro94,vi_pranav,2
dennisodessa,HanSchut,2
dennisodessa,TigrVShlyape,2
dirk_da_player,PavelChernomordik,2
dirk_da_player,dosto07,2
dretch,Jospem,2
dretch,Schattman,2
ejam94,I_am_Javi,2
ejam94,Lennis93,2
elchacal664,LeoLV10,2
elchacal664,dosto07,2
ellatambien,HanSchut,2
ellatambien,Real_OceanStorm,2
emeli_chess,OPQRC,2
emeli_chess,esrosenberg,2
fabianvivasz,HanSchut,2
fabianvivasz,SanchezKelvin,2
fmshawnrl123,Bala-Afiada,2
fmshawnrl123,Mikhail_Golubev,2
forevery0ung,2Tilted,2
forevery0ung,Schattman,2
fugadelafuga,AlexPapasimakopoulos,2
fugadelafuga,TheKnightOfBosnia,2
glebus008,AdrianaNikolova,2
glebus008,nOcHeaTiNgKiD,2
gordonzyxu,Guzman70,2
gordonzyxu,micke12a,2
grzechu96,Jospem,2
grzechu96,SantoBlue,2
guilty93,TigrVShlyape,2
guilty93,Tobias_Koelle,2
insatiable27,Herman-NY,2
insatiable27,SirParistonHill,2
jcibarra,Jospem,2
jcibarra,TigrVShlyape,2
jeloma,BENO_CHESS,2
jeloma,nevmenko,2
jinxy2009,Ajedrez_con_German,2
jinxy2009,djano,2
js20000,GradualismUnleashed,2
js20000,TigrVShlyape,2
kai_nov,WindWhistler11,2
kai_nov,mac0504,2
karinachess1,Myshakov_Fedor,2
karinachess1,Schattman,2
krasavetc,WindWhistler11,2
krasavetc,koziororo,2
krzyzan94,SirParistonHill,2
krzyzan94,TigrVShlyape,2
levallem,AlejandroPacheco29,2
levallem,Tobias_Koelle,2
ljuks68,GMG,2
ljuks68,levallem,2
londonkid,dosto07,2
londonkid,oskariot,2
mac0504,SirParistonHill,2
mac0504,TigrVShlyape,2
manitodeplomo,Athanasios2,2
manitodeplomo,NikolaGry,2
milovichalex,Chesstar,2
milovichalex,realburq,2
mitrabhaa,Myshakov_Fedor,2
mitrabhaa,TigrVShlyape,2
mjelcic,Schattman,2
mjelcic,viktorgen2021,2
pedromartinez91,Lennis93,2
pedromartinez91,djano,2
politeplayer,Tonychess32,2
politeplayer,esrosenberg,2
powermove,Goi_Manne,2
powermove,Marcin,2
psychokiller48,Sattarov_Bobur,2
psychokiller48,TigrVShlyape,2
rionelG,catzapto,2
rionelG,djano,2
salomez,AndreGVH,2
salomez,cedchass2006,2
semchik73,Lennis93,2
semchik73,djano,2
sergoy,GMG,2
sergoy,HanSchut,2
shanemelaughcm,Chess_master1982,2
shanemelaughcm,I_am_Javi,2
siciliannaga,The_Sherman_Variation,2
siciliannaga,TigrVShlyape,2
sonicdravise,JakubPulpan,2
sonicdravise,WindWhistler11,2
tdf98pantani,DeTimmerman,2
tdf98pantani,Twitch_ElhamBlitz05,2
tgpgoat,IngOscarArdila,2
tgpgoat,realburq,2
thedjoker98,Guzman70,2
thedjoker98,Schattman,2
topce,carokannlover213,2
topce,mind1mover,2
tptagain,Jospem,2
tptagain,eljanov,2
turayev_shahruh17,BeanScreen,2
turayev_shahruh17,ozates,2
tylityli,Pertinhez76,2
tylityli,Walter_White_Poland,2
vanyakuba,GoltsevDmitry2000,2
vanyakuba,Guzman70,2
vidavi,TigrVShlyape,2
vidavi,dosto07,2
viktorgen2021,Schattman,2
viktorgen2021,levallem,2
vinniethepooh,Kildepiotr,2
vinniethepooh,biostatistician,2
vishwa_vijeta,TigrVShlyape,2
vishwa_vijeta,micke12a,2
whiteglovethief,Cheer_Down,2
whiteglovethief,Jospem,2
wild3000,NikolaGry,2
wild3000,Trickster_fam,2
x-5963514717,JSPrepz,2
x-5963514717,oskariot,2
yonaltimur,Guzman70,2
yonaltimur,HanSchut,2
zajka-molotok,Alex_Banzea,2
zajka-molotok,Lennis93,2
Alphafischer2019,SanchezKelvin,3
Alphafischer2019,TigrVShlyape,3
Alphafischer2019,esrosenberg,3
ArchibaldCerveza29,Aborigen_came,3
ArchibaldCerveza29,Everyfishknows,3
ArchibaldCerveza29,Guzman70,3
AwareIdea,KrolPawel92OnTwitch,3
AwareIdea,Mihajlovskij,3
AwareIdea,ckgchess,3
Aygehovit1992,PolandHussars,3
Aygehovit1992,TigrVShlyape,3
Aygehovit1992,Zavgorodniy_Sergiy,3
Azoulas1,CarlosAlbornoz,3
Azoulas1,HouseOfDurin,3
Azoulas1,rogapa,3
Bulldog167,TheBigBoss04,3
Bulldog167,sergoy,3
Bulldog167,sofaceindisguise,3
CM_rui,Guzman70,3
CM_rui,Jospem,3
CM_rui,NowInChess,3
Cambek64,Guzman70,3
Cambek64,Lennis93,3
Cambek64,esrosenberg,3
Chessexplained,Guzman70,3
Chessexplained,I_am_Javi,3
Chessexplained,Lennis93,3
CrushingKings,TigrVShlyape,3
CrushingKings,WindWhistler11,3
CrushingKings,anon6121824,3
DNextEpisode,JimDiGrease,3
DNextEpisode,SirParistonHill,3
DNextEpisode,m_ezat,3
DamianoLew95,Tactrics,3
DamianoLew95,TigrVShlyape,3
DamianoLew95,zouchen6,3
Denis_Makhnyov,DuleMudule,3
Denis_Makhnyov,Durarbayli,3
Denis_Makhnyov,Jospem,3
Doomfist26,NikolaGry,3
Doomfist26,TigrVShlyape,3
Doomfist26,Tramontanaaa,3
Duhless,Krakozia,3
Duhless,baki83,3
Duhless,exoticprincess,3
Elsa167,13MiRacLe,3
Elsa167,Kirill_Klukin,3
Elsa167,sergiochess83,3
FLYD,LuisFSiles,3
FLYD,korbul,3
FLYD,micke12a,3
FaustinoOro,Guzman70,3
FaustinoOro,TigrVShlyape,3
FaustinoOro,frederiksvane,3
Flaccidmoves,The_Straightforward_Rook,3
Flaccidmoves,TigrVShlyape,3
Flaccidmoves,rezamahdavi2008,3
FredddieCroderg,Tonychess32,3
FredddieCroderg,djano,3
FredddieCroderg,esrosenberg,3
GAZZAN_3000,Ready4abattle,3
GAZZAN_3000,anon6121824,3
GAZZAN_3000,m_ezat,3
GalaxyRoman,INLOVEWITHF,3
GalaxyRoman,JeRoma71,3
GalaxyRoman,burbur555,3
Gentlejimmy7,BeardedNM,3
Gentlejimmy7,JordanLoyd2020,3
Gentlejimmy7,Maitreia,3
GeorgiosSouleidis,Cheer_Down,3
GeorgiosSouleidis,NikolaGry,3
GeorgiosSouleidis,TigrVShlyape,3
Ginger_GM,Bulldog167,3
Ginger_GM,Jospem,3
Ginger_GM,Orujov2008,3
GiorgianBarbosa,BeanScreen,3
GiorgianBarbosa,Chess_master1982,3
GiorgianBarbosa,TigrVShlyape,3
GlavkonVVS,Myshakov_Fedor,3
GlavkonVVS,TigrVShlyape,3
GlavkonVVS,WindWhistler11,3
Haykoooo0o,Incognito_Knight,3
Haykoooo0o,Nadtkins,3
Haykoooo0o,guillembaches,3
Hirna2005,Ucitelot,3
Hirna2005,WindWhistler11,3
Hirna2005,visa,3
HrvojeZagreb,Guzman70,3
HrvojeZagreb,JordanLoyd2020,3
HrvojeZagreb,Sweafty,3
IsuruAlahakoon,AndreiITrifan,3
IsuruAlahakoon,Ready4abattle,3
IsuruAlahakoon,kuzol,3
JaloliddinIlkhomi,BahadirOzen,3
JaloliddinIlkhomi,KrolPawel92OnTwitch,3
JaloliddinIlkhomi,SirParistonHill,3
JeRoma71,Jospem,3
JeRoma71,Msb2,3
JeRoma71,SmirnovAlexandrA,3
JoliyRoger,NikolaGry,3
JoliyRoger,TigrVShlyape,3
JoliyRoger,giomar27,3
Just_Lucky_1,GMG,3
Just_Lucky_1,Tramontanaaa,3
Just_Lucky_1,abykhovsky,3
Kildepiotr,Guzman70,3
Kildepiotr,Schattman,3
Kildepiotr,TigrVShlyape,3
Lady_Nika,HanSchut,3
Lady_Nika,Lennis93,3
Lady_Nika,sergeikim,3
LoydBlankenship,HeinichessPY,3
LoydBlankenship,Joshukid,3
LoydBlankenship,Witik,3
MFBerna,NikolaGry,3
MFBerna,TigrVShlyape,3
MFBerna,guillembaches,3
MarcoRiehle,OparinGrigoriy,3
MarcoRiehle,anon6121824,3
MarcoRiehle,exoticprincess,3
Martial2008,Myshakov_Fedor,3
Martial2008,SirParistonHill,3
Martial2008,TigrVShlyape,3
MessiKingdom,GMG,3
MessiKingdom,OlegKrivonosov,3
MessiKingdom,TigrVShlyape,3
Miguelito,Chess_master1982,3
Miguelito,Jospem,3
Miguelito,TigrVShlyape,3
MikaelyanArman,ChessWarrior7197,3
MikaelyanArman,Krakozia,3
MikaelyanArman,SirParistonHill,3
MolecularChemist,Jospem,3
MolecularChemist,MITerryble,3
MolecularChemist,vi_pranav,3
Mr_ruthless,Aborigen_came,3
Mr_ruthless,AradNazari,3
Mr_ruthless,Makswolf200817,3
MusicCityMaster,Squirlolz,3
MusicCityMaster,dosto07,3
MusicCityMaster,joksijoksi,3
NateSolon,Beca95,3
NateSolon,HouseOfDurin,3
NateSolon,nevmenko,3
NelsonLinda,Krakozia,3
NelsonLinda,Lennis93,3
NelsonLinda,TigrVShlyape,3
NikolaGry,Schattman,3
NikolaGry,Tonychess32,3
NikolaGry,Witik,3
NovozhilovSemen,Khromkin,3
NovozhilovSemen,TigrVShlyape,3
NovozhilovSemen,artin10862,3
Ol_Bilych,Oleg_Papayan,3
Ol_Bilych,baki83,3
Ol_Bilych,djano,3
Parhamov,Bulldog167,3
Parhamov,Jospem,3
Parhamov,TigrVShlyape,3
Perdomov,Guzman70,3
Perdomov,Schattman,3
Perdomov,Veleamater,3
Petrovic_Aleksa,827883,3
Petrovic_Aleksa,SirParistonHill,3
Petrovic_Aleksa,TigrVShlyape,3
RCone,LoydBlankenship,3
RCone,Mrlammy,3
RCone,ShadowJolteon,3
RETURNOFTHELAGGER,DoctorCheckyll,3
RETURNOFTHELAGGER,WindWhistler11,3
RETURNOFTHELAGGER,dosto07,3
Reader777,Lennis93,3
Reader777,OparinGrigoriy,3
Reader777,zouchen6,3
Ready4abattle,Guzman70,3
Ready4abattle,esrosenberg,3
Ready4abattle,levallem,3
Real_taiatai,GMWSO,3
Real_taiatai,JoliyRoger,3
Real_taiatai,levallem,3
Resignify,Guzman70,3
Resignify,Myshakov_Fedor,3
Resignify,nicoderboss24,3
Rurep26,Beca95,3
Rurep26,Jospem,3
Rurep26,Vsevolod_Ovchinnikov,3
SHIVACalypso,Chess_master1982,3
SHIVACalypso,WindWhistler11,3
SHIVACalypso,XxPetroffsxX,3
Sadykov_Ramil,HanSchut,3
Sadykov_Ramil,JoliyRoger,3
Sadykov_Ramil,Schattman,3
SanchezKelvin,TigrVShlyape,3
SanchezKelvin,esrosenberg,3
SanchezKelvin,harlem4brew,3
SantoBlue,Byniolus,3
SantoBlue,Mykola-Bortnyk,3
SantoBlue,OparinGrigoriy,3
Semetey,Guzman70,3
Semetey,Krakozia,3
Semetey,TigrVShlyape,3
ShahMatKanal,Guzman70,3
ShahMatKanal,HanSchut,3
ShahMatKanal,Lennis93,3
ShahxaibKhan,Schattman,3
ShahxaibKhan,dosto07,3
ShahxaibKhan,tgpgoat,3
SirParistonHill,Nesty_Javi_Chess,3
SirParistonHill,Sokoloco,3
SirParistonHill,koziororo,3
Sjakkerntobi,Byniolus,3
Sjakkerntobi,Guzman70,3
Sjakkerntobi,LoydBlankenship,3
Sven_Tica,Barmen_EV,3
Sven_Tica,DonkyDonkyDonkey,3
Sven_Tica,nicoderboss24,3
Szparu,RobertoJBM,3
Szparu,The_Machine04,3
Szparu,TigrVShlyape,3
TST2014,Athanasios2,3
TST2014,TigrVShlyape,3
TST2014,econpower,3
Tactrics,BahadirOzen,3
Tactrics,Witik,3
Tactrics,sergiochess83,3
TheRealGmochey,Jospem,3
TheRealGmochey,OparinGrigoriy,3
TheRealGmochey,Zhigalko_Sergei,3
The_Machine04,CarlosAlbornoz,3
The_Machine04,Oleg_Papayan,3
The_Machine04,TigrVShlyape,3
Tpros,Ready4abattle,3
Tpros,dosto07,3
Tpros,micke12a,3
Ural_bogatyr,GMG,3
Ural_bogatyr,HanSchut,3
Ural_bogatyr,TigrVShlyape,3
ViIIagra,DuleMudule,3
ViIIagra,Jospem,3
ViIIagra,Lennis93,3
VitorBronson,Viacheslav92,3
VitorBronson,Witik,3
VitorBronson,dosto07,3
aghasiyevkamal,Guzman70,3
aghasiyevkamal,WindWhistler11,3
aghasiyevkamal,zouchen6,3
akanga001,Guzman70,3
akanga001,RJRA94,3
akanga001,neilbhav,3
attack2mateU,BahadirOzen,3
attack2mateU,Jospem,3
attack2mateU,RobertoJBM,3
benny_aizenberg,Guzman70,3
benny_aizenberg,I_am_Javi,3
benny_aizenberg,TigrVShlyape,3
blitzking1729,Schattman,3
blitzking1729,TigrVShlyape,3
blitzking1729,Viacheslav92,3
blitzo_vich,BahadirOzen,3
blitzo_vich,Schattman,3
blitzo_vich,WindWhistler11,3
carokannlover213,Roedor,3
carokannlover213,TigrVShlyape,3
carokannlover213,WindWhistler11,3
chess123456s,Guzman70,3
chess123456s,TigrVShlyape,3
chess123456s,esrosenberg,3
djokovic74,Apocalyps999,3
djokovic74,esrosenberg,3
djokovic74,sergoy,3
dmitrijiIM,SirParistonHill,3
dmitrijiIM,dawid498,3
dmitrijiIM,djano,3
friesnielsen2302,DonkyDonkyDonkey,3
friesnielsen2302,OriTaichman,3
friesnielsen2302,Ze-Pequeno,3
greekplayer1,Jospem,3
greekplayer1,TigrVShlyape,3
greekplayer1,djano,3
iliaguevnisim,JordanLoyd2020,3
iliaguevnisim,Zhigalko_Sergei,3
iliaguevnisim,mbojan,3
inagreV,Lennis93,3
inagreV,carokannlover213,3
inagreV,londonkid,3
jk13,Beca95,3
jk13,Guzman70,3
jk13,Herman-NY,3
kleinebeer98,Schattman,3
kleinebeer98,SirParistonHill,3
kleinebeer98,djano,3
komogro,Guzman70,3
komogro,SAInt_666,3
komogro,nOcHeaTiNgKiD,3
lamomiajunior,Herman-NY,3
lamomiajunior,Schattman,3
lamomiajunior,TigrVShlyape,3
ljm509,Iball95,3
ljm509,Langua_Chess,3
ljm509,The_Machine04,3
mbachez,Alexander_Donchenko,3
mbachez,Guzman70,3
mbachez,TigrVShlyape,3
micke12a,Margency,3
micke12a,Ready4abattle,3
micke12a,TigrVShlyape,3
nocnypako,Jospem,3
nocnypako,Oleg_Papayan,3
nocnypako,Schattman,3
ozates,Lennis93,3
ozates,Mischuk_D,3
ozates,TigrVShlyape,3
pankajfm,Gogolev_Artemy,3
pankajfm,Herman-NY,3
pankajfm,HeroWilczek,3
remi04,Mesa_1,3
remi04,SirParistonHill,3
remi04,TigrVShlyape,3
rychessmaster1,TigrVShlyape,3
rychessmaster1,djano,3
rychessmaster1,nindjaxx8,3
santosalberto1987,Lennis93,3
santosalberto1987,ValentinDragnev,3
santosalberto1987,sergeikim,3
seopie,JimDiGrease,3
seopie,Lennis93,3
seopie,djano,3
seramoral,Oleksandr_Bortnyk,3
seramoral,WildTricks,3
seramoral,splendidkid,3
sergeikim,Bulldog167,3
sergeikim,Jospem,3
sergeikim,TigrVShlyape,3
shirovin,DrMamaliga,3
shirovin,Guzman70,3
shirovin,nicoderboss24,3
slorovel,Cheer_Down,3
slorovel,Lennis93,3
slorovel,hellokostya,3
sokidze,ChessShop,3
sokidze,TigrVShlyape,3
sokidze,sergeikim,3
stasOR4ik,UnknownMagician,3
stasOR4ik,Willi_Skibbe,3
stasOR4ik,WindWhistler11,3
talaicito,Guzman70,3
talaicito,Marcin,3
talaicito,Pastore1978,3
temus_galaktionov,Indianlad,3
temus_galaktionov,Jospem,3
temus_galaktionov,djano,3
viktorskliarov,Oleg_Papayan,3
viktorskliarov,Schattman,3
viktorskliarov,WindWhistler11,3
vladoboch,SanchezKelvin,3
vladoboch,Sychev_on_YouTube,3
vladoboch,esrosenberg,3
wonderfultime,BahadirOzen,3
wonderfultime,Krakozia,3
wonderfultime,vugarrasulov,3
zimmm36,Jospem,3
zimmm36,TigrVShlyape,3
zimmm36,sergoy,3
0gZPanda,DryCounty,4
0gZPanda,Jospem,4
0gZPanda,MITerryble,4
0gZPanda,Witik,4
Abund,Jospem,4
Abund,Maitreia,4
Abund,TigrVShlyape,4
Abund,sergoy,4
AldokhinIvan,Bulldog167,4
AldokhinIvan,DonkyDonkyDonkey,4
AldokhinIvan,NikolaGry,4
AldokhinIvan,TigrVShlyape,4
Aleksandar-Topalov,Cheer_Down,4
Aleksandar-Topalov,Oleg_Papayan,4
Aleksandar-Topalov,Shepa2017,4
Aleksandar-Topalov,SirParistonHill,4
AlexPapasimakopoulos,Byniolus,4
AlexPapasimakopoulos,Jospem,4
AlexPapasimakopoulos,SirParistonHill,4
AlexPapasimakopoulos,TigrVShlyape,4
Bauman_Guy,Jospem,4
Bauman_Guy,Lennis93,4
Bauman_Guy,Oleksandr_Bortnyk,4
Bauman_Guy,vugarrasulov,4
Bigfish1995,BahadirOzen,4
Bigfish1995,anon6121824,4
Bigfish1995,stollenmonster,4
Bigfish1995,vladislavkovalev,4
BlueWizzard,Jospem,4
BlueWizzard,Mischuk_D,4
BlueWizzard,PositionalPanther,4
BlueWizzard,SirParistonHill,4
BogdanDeac,DrVelja,4
BogdanDeac,Jospem,4
BogdanDeac,Tactrics,4
BogdanDeac,TigrVShlyape,4
Byniolus,2k28Lakers,4
Byniolus,Oleg_Papayan,4
Byniolus,SirParistonHill,4
Byniolus,Viacheslav92,4
CMButgood,Blitzstream,4
CMButgood,ChuckPhil,4
CMButgood,NowInChess,4
CMButgood,zouchen6,4
ChessicallyInclined,Guzman70,4
ChessicallyInclined,JeRoma71,4
ChessicallyInclined,Jospem,4
ChessicallyInclined,TigrVShlyape,4
DTChess,BahadirOzen,4
DTChess,ChessShop,4
DTChess,TigrVShlyape,4
DTChess,vladislavkovalev,4
Dhaydon19,Beca95,4
Dhaydon19,DuleMudule,4
Dhaydon19,Guzman70,4
Dhaydon19,TigrVShlyape,4
DonkyDonkyDonkey,Njal28,4
DonkyDonkyDonkey,TigrVShlyape,4
DonkyDonkyDonkey,djano,4
DonkyDonkyDonkey,sergeikim,4
DuleMudule,LoydBlankenship,4
DuleMudule,Njal28,4
DuleMudule,OparinGrigoriy,4
DuleMudule,WindWhistler11,4
Eduard_Limonov,Ajedrez_con_German,4
Eduard_Limonov,Jospem,4
Eduard_Limonov,TigrVShlyape,4
Eduard_Limonov,djano,4
ErikRonka,Forge13,4
ErikRonka,Guzman70,4
ErikRonka,Lennis93,4
ErikRonka,TigrVShlyape,4
GM_dmitrij,Beca95,4
GM_dmitrij,Firouzja2003,4
GM_dmitrij,German_Bazeev,4
GM_dmitrij,biostatistician,4
HajiyevKanan,Aborigen_came,4
HajiyevKanan,Oleg_Papayan,4
HajiyevKanan,Schattman,4
HajiyevKanan,valemava,4
Iball95,Jospem,4
Iball95,Schattman,4
Iball95,TigrVShlyape,4
Iball95,Tobias_Koelle,4
IgorBjelobrk,Byniolus,4
IgorBjelobrk,Schattman,4
IgorBjelobrk,TigrVShlyape,4
IgorBjelobrk,esrosenberg,4
InitiatingASC,Herman-NY,4
InitiatingASC,Lennis93,4
InitiatingASC,LeoLV10,4
InitiatingASC,SirParistonHill,4
Itk04,Jospem,4
Itk04,Oleg_Papayan,4
Itk04,SanchezKelvin,4
Itk04,sergoy,4
Jojo_898,Herman-NY,4
Jojo_898,SirParistonHill,4
Jojo_898,carokannlover213,4
Jojo_898,sergeikim,4
Karttunen,BahadirOzen,4
Karttunen,GMG,4
Karttunen,TigrVShlyape,4
Karttunen,alexrustemov,4
Kostukov_Alex,DTChess,4
Kostukov_Alex,Lennis93,4
Kostukov_Alex,Makswolf200817,4
Kostukov_Alex,temiksmozg,4
Kostya0705,Lennis93,4
Kostya0705,TigrVShlyape,4
Kostya0705,Witik,4
Kostya0705,fu24,4
Leonid_Starozhilov,Egor_Koshulyan,4
Leonid_Starozhilov,FMjchristie,4
Leonid_Starozhilov,TigrVShlyape,4
Leonid_Starozhilov,esrosenberg,4
LiamPutnam2008,Haykoooo0o,4
LiamPutnam2008,Jospem,4
LiamPutnam2008,RrainlessBobot,4
LiamPutnam2008,TigrVShlyape,4
Lion-Al-Messi,DrMamaliga,4
Lion-Al-Messi,Jospem,4
Lion-Al-Messi,TigrVShlyape,4
Lion-Al-Messi,artin10862,4
MITerryble,Fandorine,4
MITerryble,Real_OceanStorm,4
MITerryble,Witik,4
MITerryble,exoticprincess,4
Makswolf200817,Jospem,4
Makswolf200817,Lennis93,4
Makswolf200817,LeoLV10,4
Makswolf200817,TigrVShlyape,4
Marcus_Harvey,Jospem,4
Marcus_Harvey,Langua_Chess,4
Marcus_Harvey,OparinGrigoriy,4
Marcus_Harvey,kuli4ik,4
MightyGMpretender,Beca95,4
MightyGMpretender,Maitreia,4
MightyGMpretender,ckgchess,4
MightyGMpretender,guillembaches,4
Mikasinski,Angry_Twin,4
Mikasinski,Chess_master1982,4
Mikasinski,TigrVShlyape,4
Mikasinski,Witik,4
Mops_2004,GMG,4
Mops_2004,LoydBlankenship,4
Mops_2004,TigrVShlyape,4
Mops_2004,howitzer14,4
Nf3c5,NikolaGry,4
Nf3c5,TigrVShlyape,4
Nf3c5,Tonychess32,4
Nf3c5,dosto07,4
Oleksandr_Bortnyk,Bulldog167,4
Oleksandr_Bortnyk,NikolaGry,4
Oleksandr_Bortnyk,VladimirKramnik,4
Oleksandr_Bortnyk,Zhigalko_Sergei,4
PLAYER_2006_M,Suleyman_Chess06,4
PLAYER_2006_M,TigrVShlyape,4
PLAYER_2006_M,Zhigalko_Sergei,4
PLAYER_2006_M,esrosenberg,4
Pingah9,BahadirOzen,4
Pingah9,Guzman70,4
Pingah9,Lennis93,4
Pingah9,TigrVShlyape,4
Russian_berezka,BahadirOzen,4
Russian_berezka,TigrVShlyape,4
Russian_berezka,shimastream,4
Russian_berezka,tdf98pantani,4
Rutricks,Filipascu,4
Rutricks,Jospem,4
Rutricks,TigrVShlyape,4
Rutricks,realburq,4
Sattarov_Bobur,Bad_left_hook,4
Sattarov_Bobur,GM_dmitrij,4
Sattarov_Bobur,Jospem,4
Sattarov_Bobur,TigrVShlyape,4
Shield12,BahadirOzen,4
Shield12,Jospem,4
Shield12,Njal28,4
Shield12,TigrVShlyape,4
SirMittensofMittensville,Schattman,4
SirMittensofMittensville,Witik,4
SirMittensofMittensville,jefferyx,4
SirMittensofMittensville,noblerone,4
Slovak_fighter2000,Guzman70,4
Slovak_fighter2000,TigrVShlyape,4
Slovak_fighter2000,elchacal664,4
Slovak_fighter2000,oskariot,4
TheBigBoss04,SantoBlue,4
TheBigBoss04,SirParistonHill,4
TheBigBoss04,TigrVShlyape,4
TheBigBoss04,djano,4
TrahtarBelarus,BahadirOzen,4
TrahtarBelarus,Schattman,4
TrahtarBelarus,TigrVShlyape,4
TrahtarBelarus,vladgoncharov,4
Vaibhavraut99,ChessShop,4
Vaibhavraut99,Denis_Makhnyov,4
Vaibhavraut99,SirParistonHill,4
Vaibhavraut99,TigrVShlyape,4
Vesper2018,Guzman70,4
Vesper2018,Myshakov_Fedor,4
Vesper2018,Schattman,4
Vesper2018,Tash_Boy,4
WPWPWP-2015,DryCounty,4
WPWPWP-2015,TigrVShlyape,4
WPWPWP-2015,Veleamater,4
WPWPWP-2015,vugarrasulov,4
XDPS,Chessexplained,4
XDPS,SirParistonHill,4
XDPS,TigrVShlyape,4
XDPS,psychokiller48,4
Zkid,DonkyDonkyDonkey,4
Zkid,Jospem,4
Zkid,Schattman,4
Zkid,djano,4
aa175,Byniolus,4
aa175,Schattman,4
aa175,TigrVShlyape,4
aa175,ritanovikova,4
anon6121824,Galileo22,4
anon6121824,JordanLoyd2020,4
anon6121824,Jospem,4
anon6121824,Parhamov,4
champ2005,Bigfish1995,4
champ2005,Bulldog167,4
champ2005,Twitch_ElhamBlitz05,4
champ2005,vladislavkovalev,4
crazy_but_lazy,DuleMudule,4
crazy_but_lazy,GalaxyRoman,4
crazy_but_lazy,Guzman70,4
crazy_but_lazy,Lennis93,4
frederiksvane,Jospem,4
frederiksvane,NikolaGry,4
frederiksvane,Oleksandr_Bortnyk,4
frederiksvane,biostatistician,4
jaskol95,Iball95,4
jaskol95,Ready4abattle,4
jaskol95,carokannlover213,4
jaskol95,masterofpuppets2,4
koncheto,Schattman,4
koncheto,The_Straightforward_Rook,4
koncheto,TigrVShlyape,4
koncheto,WildTricks,4
koziororo,Lennis93,4
koziororo,Maksimus1998,4
koziororo,SirParistonHill,4
koziororo,TigrVShlyape,4
lucasmito,HElissalt,4
lucasmito,LoydBlankenship,4
lucasmito,Rurep26,4
lucasmito,vladgoncharov,4
m_ezat,2KRK1,4
m_ezat,Jospem,4
m_ezat,TigrVShlyape,4
m_ezat,aistrel,4
mr_gustavo,Guzman70,4
mr_gustavo,Oleg_Papayan,4
mr_gustavo,TigrVShlyape,4
mr_gustavo,WindWhistler11,4
rasmussvane,Jospem,4
rasmussvane,LoydBlankenship,4
rasmussvane,Maitreia,4
rasmussvane,Rakhmanov_Aleksandr,4
rdarruda,Lennis93,4
rdarruda,TigrVShlyape,4
rdarruda,mac0504,4
rdarruda,sergeikim,4
snowlord,Krakozia,4
snowlord,The_Straightforward_Rook,4
snowlord,Witik,4
snowlord,psychokiller48,4
ural58,BahadirOzen,4
ural58,Chessexplained,4
ural58,TigrVShlyape,4
ural58,ritanovikova,4
Angry_Twin,DuleMudule,5
Angry_Twin,Firouzja2003,5
Angry_Twin,GMG,5
Angry_Twin,Hikaru,5
Angry_Twin,djano,5
AradNazari,Guzman70,5
AradNazari,Krakozia,5
AradNazari,Oleksandr_Bortnyk,5
AradNazari,PavelChernomordik,5
AradNazari,TigrVShlyape,5
ArtemDyachuk,Oleksandr_Bortnyk,5
ArtemDyachuk,Schattman,5
ArtemDyachuk,TigrVShlyape,5
ArtemDyachuk,Tobias_Koelle,5
ArtemDyachuk,howitzer14,5
CSB7,Chess_master1982,5
CSB7,Jospem,5
CSB7,OparinGrigoriy,5
CSB7,TigrVShlyape,5
CSB7,krasavetc,5
Chessdreamer2020,Jospem,5
Chessdreamer2020,Lennis93,5
Chessdreamer2020,Schattman,5
Chessdreamer2020,esrosenberg,5
Chessdreamer2020,m_ezat,5
DeTimmerman,JordanLoyd2020,5
DeTimmerman,Jospem,5
DeTimmerman,SirParistonHill,5
DeTimmerman,Squirlolz,5
DeTimmerman,arminmusovic,5
Druid24,Guzman70,5
Druid24,Schattman,5
Druid24,TigrVShlyape,5
Druid24,carokannlover213,5
Druid24,rezamahdavi2008,5
GianmarcoVaR,GM_dmitrij,5
GianmarcoVaR,Jospem,5
GianmarcoVaR,SirParistonHill,5
GianmarcoVaR,TigrVShlyape,5
GianmarcoVaR,mac0504,5
HansOnTwitch,Krakozia,5
HansOnTwitch,TigrVShlyape,5
HansOnTwitch,econpower,5
HansOnTwitch,sergiochess83,5
HansOnTwitch,stollenmonster,5
IngOscarArdila,HajiyevKanan,5
IngOscarArdila,Schattman,5
IngOscarArdila,Shepa2017,5
IngOscarArdila,SirParistonHill,5
IngOscarArdila,dosto07,5
KChor05,Aborigen_came,5
KChor05,Guzman70,5
KChor05,Lennis93,5
KChor05,MatthewG-p4p,5
KChor05,TigrVShlyape,5
KononenkoD,Alexchess1984,5
KononenkoD,GAusal,5
KononenkoD,Schattman,5
KononenkoD,ValentinDragnev,5
KononenkoD,sergoy,5
KorolDimitriy75,Herman-NY,5
KorolDimitriy75,Nf3c5,5
KorolDimitriy75,Rumpel-VK,5
KorolDimitriy75,carokannlover213,5
KorolDimitriy75,talaicito,5
Sokoloco,Guzman70,5
Sokoloco,Oleksandr_Bortnyk,5
Sokoloco,OparinGrigoriy,5
Sokoloco,SirParistonHill,5
Sokoloco,TigrVShlyape,5
The_filthy,GAusal,5
The_filthy,Lennis93,5
The_filthy,PierrotFace,5
The_filthy,djano,5
The_filthy,dosto07,5
WhiteKnight2612,Beca95,5
WhiteKnight2612,Jospem,5
WhiteKnight2612,Leonid_Starozhilov,5
WhiteKnight2612,Schattman,5
WhiteKnight2612,Sweafty,5
djano,Bulldog167,5
djano,Chuchofrio1,5
djano,Lennis93,5
djano,NikolaGry,5
djano,SirParistonHill,5
esrosenberg,Orest_Vovk,5
esrosenberg,Ready4abattle,5
esrosenberg,SirParistonHill,5
esrosenberg,Ze-Pequeno,5
esrosenberg,dosto07,5
infinitegiantkiller,BahadirOzen,5
infinitegiantkiller,DrCeltic,5
infinitegiantkiller,Guzman70,5
infinitegiantkiller,Lennis93,5
infinitegiantkiller,SirParistonHill,5
mishanick,BahadirOzen,5
mishanick,Bulldog167,5
mishanick,Jospem,5
mishanick,KrolPawel92OnTwitch,5
mishanick,Lennis93,5
newyorkmouse,Guzman70,5
newyorkmouse,Schattman,5
newyorkmouse,TigrVShlyape,5
newyorkmouse,WilsonPalencia21,5
newyorkmouse,YellowJacek,5
rezamahdavi2008,DryCounty,5
rezamahdavi2008,Schattman,5
rezamahdavi2008,TigrVShlyape,5
rezamahdavi2008,Viacheslav92,5
rezamahdavi2008,nindjaxx8,5
Bilan_Danila,GMBenjaminBok,6
Bilan_Danila,GradualismUnleashed,6
Bilan_Danila,Guzman70,6
Bilan_Danila,Ready4abattle,6
Bilan_Danila,levallem,6
Bilan_Danila,vladislavkovalev,6
DenLaz,GMWSO,6
DenLaz,Jospem,6
DenLaz,NikolaGry,6
DenLaz,TigrVShlyape,6
DenLaz,anon6121824,6
DenLaz,kleinebeer98,6
DvaHrasta,2KRK1,6
DvaHrasta,BeanScreen,6
DvaHrasta,Fandorin779,6
DvaHrasta,GalaxyRoman,6
DvaHrasta,Ze-Pequeno,6
DvaHrasta,esrosenberg,6
Felix-Rose,Guzman70,6
Felix-Rose,MerryPoppies,6
Felix-Rose,Michelangelo111,6
Felix-Rose,SirParistonHill,6
Felix-Rose,WindWhistler11,6
Felix-Rose,sergeikim,6
Legendinunknown,13MiRacLe,6
Legendinunknown,Jospem,6
Legendinunknown,OparinGrigoriy,6
Legendinunknown,TigrVShlyape,6
Legendinunknown,djano,6
Legendinunknown,exoticprincess,6
Lennis93,Krakozia,6
Lennis93,RobertoJBM,6
Lennis93,TigrVShlyape,6
Lennis93,Zhigalko_Sergei,6
Lennis93,c63_amg,6
Lennis93,frederiksvane,6
Manukyan_Artak,2Tilted,6
Manukyan_Artak,Nicolas_DeLaColina,6
Manukyan_Artak,Roedor,6
Manukyan_Artak,Schattman,6
Manukyan_Artak,TigrVShlyape,6
Manukyan_Artak,Ziyamammadov,6
Msb2,Alexander_Moskalenko,6
Msb2,Lennis93,6
Msb2,Rud_Makarian,6
Msb2,Sina_Movahed,6
Msb2,kuli4ik,6
Msb2,vugarrasulov,6
Njal28,Beca95,6
Njal28,Bigfish1995,6
Njal28,Bulldog167,6
Njal28,Rud_Makarian,6
Njal28,TigrVShlyape,6
Njal28,anon6121824,6
Shuvalov,GMBenjaminBok,6
Shuvalov,Guzman70,6
Shuvalov,I_am_Javi,6
Shuvalov,PavelChernomordik,6
Shuvalov,Schattman,6
Shuvalov,dosto07,6
artin10862,Baku_Boulevard,6
artin10862,GMG,6
artin10862,Guzman70,6
artin10862,Schattman,6
artin10862,Witik,6
artin10862,whiteglovethief,6
bascheyaro,Beca95,6
bascheyaro,Hikaru,6
bascheyaro,Jospem,6
bascheyaro,SirParistonHill,6
bascheyaro,TigrVShlyape,6
bascheyaro,Tonychess32,6
dropstoneDP,DuleMudule,6
dropstoneDP,MatthewG-p4p,6
dropstoneDP,MetiForce,6
dropstoneDP,Ol_Bilych,6
dropstoneDP,anon6121824,6
dropstoneDP,sergoy,6
kikoveiga,Guzman70,6
kikoveiga,Lennis93,6
kikoveiga,TigrVShlyape,6
kikoveiga,fugadelafuga,6
kikoveiga,guillembaches,6
kikoveiga,stollenmonster,6
oskariot,Schwarzschidl,6
oskariot,Yurovskykh_Oleksandr,6
oskariot,ccccvhhhj,6
oskariot,kflorian98,6
oskariot,rednova1729,6
oskariot,sergoy,6
vovachesss,ChessShop,6
vovachesss,KononenkoD,6
vovachesss,Leonid_Starozhilov,6
vovachesss,Maitreia,6
vovachesss,PolandHussars,6
vovachesss,djano,6
wqws,AVolodin,6
wqws,Byniolus,6
wqws,CrazyMartian,6
wqws,Guzman70,6
wqws,Schattman,6
wqws,TigrVShlyape,6
Aradhya2000,Gennady_Kozlov,7
Aradhya2000,Ready4abattle,7
Aradhya2000,Schattman,7
Aradhya2000,TigrVShlyape,7
Aradhya2000,guillembaches,7
Aradhya2000,mind1mover,7
Aradhya2000,sergoy,7
GHANDEEVAM2003,Beca95,7
GHANDEEVAM2003,GM_shahin,7
GHANDEEVAM2003,Jospem,7
GHANDEEVAM2003,MetiForce,7
GHANDEEVAM2003,TigrVShlyape,7
GHANDEEVAM2003,VitaliyBernadskiy,7
GHANDEEVAM2003,sergiochess83,7
JimDiGrease,Beca95,7
JimDiGrease,Dyadya81,7
JimDiGrease,OparinGrigoriy,7
JimDiGrease,Rud_Makarian,7
JimDiGrease,TigrVShlyape,7
JimDiGrease,djano,7
JimDiGrease,shimastream,7
ShiroglanTalibov,Jospem,7
ShiroglanTalibov,Njal28,7
ShiroglanTalibov,TigrVShlyape,7
ShiroglanTalibov,ckgchess,7
ShiroglanTalibov,eljanov,7
ShiroglanTalibov,m_ezat,7
ShiroglanTalibov,sofaceindisguise,7
cthulhuuu,Guzman70,7
cthulhuuu,KATPAH,7
cthulhuuu,NelsonLinda,7
cthulhuuu,Russian_berezka,7
cthulhuuu,Tugrik1969,7
cthulhuuu,carokannlover213,7
cthulhuuu,mary-sanna,7
sofaceindisguise,Beca95,7
sofaceindisguise,Byniolus,7
sofaceindisguise,DenishevM,7
sofaceindisguise,Jospem,7
sofaceindisguise,Lennis93,7
sofaceindisguise,djano,7
sofaceindisguise,sergiochess83,7
vugarrasulov,DuleMudule,7
vugarrasulov,Jospem,7
vugarrasulov,Krakozia,7
vugarrasulov,Maitreia,7
vugarrasulov,Mykola-Bortnyk,7
vugarrasulov,Njal28,7
vugarrasulov,WPWPWP-2015,7
DefiantChair,DuleMudule,8
DefiantChair,LoydBlankenship,8
DefiantChair,Markov_Mikhail,8
DefiantChair,Schattman,8
DefiantChair,TigrVShlyape,8
DefiantChair,Tonychess32,8
DefiantChair,Witik,8
DefiantChair,Zhigalko_Sergei,8
Korchmar_Vasiliy,ChessShop,8
Korchmar_Vasiliy,Guzman70,8
Korchmar_Vasiliy,Manukyan_Artak,8
Korchmar_Vasiliy,SanchezKelvin,8
Korchmar_Vasiliy,Schattman,8
Korchmar_Vasiliy,SirParistonHill,8
Korchmar_Vasiliy,WindWhistler11,8
Korchmar_Vasiliy,oskariot,8
Orange_Ghost,DanielNaroditsky,8
Orange_Ghost,OptimusMagister,8
Orange_Ghost,Salem-AR,8
Orange_Ghost,TigrVShlyape,8
Orange_Ghost,biostatistician,8
Orange_Ghost,mbojan,8
Orange_Ghost,mishanick,8
Orange_Ghost,vugarrasulov,8
RobertoJBM,Jospem,8
RobertoJBM,Lennis93,8
RobertoJBM,OparinGrigoriy,8
RobertoJBM,Rud_Makarian,8
RobertoJBM,SirParistonHill,8
RobertoJBM,TigrVShlyape,8
RobertoJBM,dawid498,8
RobertoJBM,mbojan,8
SaqoChess_Twitch,DrCeltic,8
SaqoChess_Twitch,FredddieCroderg,8
SaqoChess_Twitch,JordanLoyd2020,8
SaqoChess_Twitch,Jospem,8
SaqoChess_Twitch,Jumbo,8
SaqoChess_Twitch,OparinGrigoriy,8
SaqoChess_Twitch,TigrVShlyape,8
SaqoChess_Twitch,Twitch_ElhamBlitz05,8
Sina_Movahed,Beca95,8
Sina_Movahed,Bigfish1995,8
Sina_Movahed,GMWSO,8
Sina_Movahed,Lennis93,8
Sina_Movahed,SirParistonHill,8
Sina_Movahed,TigrVShlyape,8
Sina_Movahed,Witik,8
Sina_Movahed,sergiochess83,8
TanitoluwaAps116,Schattman,8
TanitoluwaAps116,TigrVShlyape,8
TanitoluwaAps116,burbur555,8
TanitoluwaAps116,econpower,8
TanitoluwaAps116,micke12a,8
TanitoluwaAps116,realburq,8
TanitoluwaAps116,zouchen6,8
TanitoluwaAps116,zverr1,8
Twitch_ElhamBlitz05,GrigorGrigorov,8
Twitch_ElhamBlitz05,Jospem,8
Twitch_ElhamBlitz05,Kirill_Klukin,8
Twitch_ElhamBlitz05,Lennis93,8
Twitch_ElhamBlitz05,Maksimus1998,8
Twitch_ElhamBlitz05,Oleksandr_Bortnyk,8
Twitch_ElhamBlitz05,Salem-AR,8
Twitch_ElhamBlitz05,SirMittensofMittensville,8
arminmusovic,Byniolus,8
arminmusovic,ChessSwole,8
arminmusovic,DeTimmerman,8
arminmusovic,Kildepiotr,8
arminmusovic,PavelChernomordik,8
arminmusovic,TigrVShlyape,8
arminmusovic,XDPS,8
arminmusovic,djano,8
jacky72,ChessShop,8
jacky72,FEKKET-ESZTER,8
jacky72,Guzman70,8
jacky72,SirParistonHill,8
jacky72,Sweafty,8
jacky72,TigrVShlyape,8
jacky72,Twitch_ElhamBlitz05,8
jacky72,anon6121824,8
kingofthenil,2k28Lakers,8
kingofthenil,Oleksandr_Bortnyk,8
kingofthenil,SirParistonHill,8
kingofthenil,VladimirKramnik,8
kingofthenil,Zhigalko_Sergei,8
kingofthenil,dosto07,8
kingofthenil,frederiksvane,8
kingofthenil,santosalberto1987,8
mbojan,Byniolus,8
mbojan,LastGladiator1,8
mbojan,MetiForce,8
mbojan,SirParistonHill,8
mbojan,TigrVShlyape,8
mbojan,WindWhistler11,8
mbojan,mind1mover,8
mbojan,sergoy,8
biostatistician,Aborigen_came,9
biostatistician,Bilan_Danila,9
biostatistician,Haykoooo0o,9
biostatistician,TigrVShlyape,9
biostatistician,alexrustemov,9
biostatistician,leschebaza,9
biostatistician,oskariot,9
biostatistician,sergoy,9
biostatistician,sofaceindisguise,9
Alexei_Gubajdullin,Beca95,10
Alexei_Gubajdullin,Guzman70,10
Alexei_Gubajdullin,I_am_Javi,10
Alexei_Gubajdullin,JSPrepz,10
Alexei_Gubajdullin,Jospem,10
Alexei_Gubajdullin,Schattman,10
Alexei_Gubajdullin,TigrVShlyape,10
Alexei_Gubajdullin,Twitch_ElhamBlitz05,10
Alexei_Gubajdullin,ValentinDragnev,10
Alexei_Gubajdullin,whiteglovethief,10
Andrei_Skvortsov,GMG,10
Andrei_Skvortsov,Guzman70,10
Andrei_Skvortsov,Jospem,10
Andrei_Skvortsov,LoydBlankenship,10
Andrei_Skvortsov,SanchezKelvin,10
Andrei_Skvortsov,TigrVShlyape,10
Andrei_Skvortsov,YellowJacek,10
Andrei_Skvortsov,colegiodemadrid,10
Andrei_Skvortsov,dosto07,10
Andrei_Skvortsov,esrosenberg,10
Arystanner,Balla_Tamas,10
Arystanner,Chess_master1982,10
Arystanner,Fonsofan,10
Arystanner,Jospem,10
Arystanner,Maitreia,10
Arystanner,SantoBlue,10
Arystanner,TigrVShlyape,10
Arystanner,Witik,10
Arystanner,deribas12345,10
Arystanner,eljanov,10
jraosam,2k28Lakers,10
jraosam,Fore_Man,10
jraosam,Lennis93,10
jraosam,Nf3c5,10
jraosam,Russian_berezka,10
jraosam,SirParistonHill,10
jraosam,Tlerus,10
jraosam,djano,10
jraosam,komogro,10
jraosam,redbaron8888,10
BeanScreen,Angry_Twin,11
BeanScreen,Chess_master1982,11
BeanScreen,DryCounty,11
BeanScreen,Emeraldddd,11
BeanScreen,Igor_Kowalski,11
BeanScreen,Oleg_Papayan,11
BeanScreen,PavelChernomordik,11
BeanScreen,SirParistonHill,11
BeanScreen,The_Straightforward_Rook,11
BeanScreen,TigrVShlyape,11
BeanScreen,Zhigalko_Sergei,11
German_Bazeev,Alex_Banzea,11
German_Bazeev,Krakozia,11
German_Bazeev,LiamPutnam2008,11
German_Bazeev,LoydBlankenship,11
German_Bazeev,Mykola-Bortnyk,11
German_Bazeev,Ol_Bilych,11
German_Bazeev,OparinGrigoriy,11
German_Bazeev,Rud_Makarian,11
German_Bazeev,TigrVShlyape,11
German_Bazeev,stolencandy13,11
German_Bazeev,vugarrasulov,11
TigrVShlyape,Airquake,12
TigrVShlyape,BahadirOzen,12
TigrVShlyape,BeanScreen,12
TigrVShlyape,Bulldog167,12
TigrVShlyape,DenishevM,12
TigrVShlyape,Ellaijio_B,12
TigrVShlyape,IM_ArthurDW08,12
TigrVShlyape,Jospem,12
TigrVShlyape,XDPS,12
TigrVShlyape,bardiya_Daneshvar,12
TigrVShlyape,carokannlover213,12
TigrVShlyape,eagleclaw07,12
VALPARAISO37,Baronessa08,12
VALPARAISO37,DryCounty,12
VALPARAISO37,Giorno,12
VALPARAISO37,Jordi-Wayne,12
VALPARAISO37,Margency,12
VALPARAISO37,MrMotley,12
VALPARAISO37,SirParistonHill,12
VALPARAISO37,The_Machine04,12
VALPARAISO37,Witik,12
VALPARAISO37,penguingm1,12
VALPARAISO37,qqwow,12
VALPARAISO37,zouchen6,12
bazar-wokzal,BahadirOzen,12
bazar-wokzal,DuleMudule,12
bazar-wokzal,Dyadya81,12
bazar-wokzal,Guzman70,12
bazar-wokzal,HanSchut,12
bazar-wokzal,Iball95,12
bazar-wokzal,Lennis93,12
bazar-wokzal,Oleg_Papayan,12
bazar-wokzal,SirParistonHill,12
bazar-wokzal,TigrVShlyape,12
bazar-wokzal,carokannlover213,12
bazar-wokzal,esrosenberg,12
Chessmissile07,BENO_CHESS,13
Chessmissile07,Bad_left_hook,13
Chessmissile07,DeTimmerman,13
Chessmissile07,Harsha_Bharathakoti,13
Chessmissile07,Lennis93,13
Chessmissile07,LoydBlankenship,13
Chessmissile07,Rud_Makarian,13
Chessmissile07,SirMittensofMittensville,13
Chessmissile07,SirParistonHill,13
Chessmissile07,TigrVShlyape,13
Chessmissile07,djano,13
Chessmissile07,friesnielsen2302,13
Chessmissile07,psychokiller48,13
Jospem,Alexander_Donchenko,13
Jospem,BahadirOzen,13
Jospem,Beca95,13
Jospem,Fandorine,13
Jospem,Izoria123,13
Jospem,Leonid_Starozhilov,13
Jospem,OparinGrigoriy,13
Jospem,Tactrics,13
Jospem,TigrVShlyape,13
Jospem,Witik,13
Jospem,gmcorrales,13
Jospem,sergiochess83,13
Jospem,wannabe2700,13
alexrustemov,Aleksey_Sorokin,13
alexrustemov,ChessLover0108,13
alexrustemov,GM_dmitrij,13
alexrustemov,Leonid_Starozhilov,13
alexrustemov,Marcus_Harvey,13
alexrustemov,Mykola-Bortnyk,13
alexrustemov,Ol_Bilych,13
alexrustemov,Thunderbolt135,13
alexrustemov,ValentinDragnev,13
alexrustemov,Witik,13
alexrustemov,jup1978,13
alexrustemov,sofaceindisguise,13
alexrustemov,stollenmonster,13
guillembaches,Aborigen_came,13
guillembaches,Abund,13
guillembaches,BeanScreen,13
guillembaches,Cheer_Down,13
guillembaches,HanSchut,13
guillembaches,HrvojeZagreb,13
guillembaches,Leonid_Starozhilov,13
guillembaches,MarcoRiehle,13
guillembaches,Nf3c5,13
guillembaches,ProfessorChess101,13
guillembaches,RamonManon0g,13
guillembaches,WhiteKnight2612,13
guillembaches,sokidze,13
GoltsevDmitry2000,Arystanner,14
GoltsevDmitry2000,DeTimmerman,14
GoltsevDmitry2000,JordanLoyd2020,14
GoltsevDmitry2000,KrolPawel92OnTwitch,14
GoltsevDmitry2000,Lennis93,14
GoltsevDmitry2000,OparinGrigoriy,14
GoltsevDmitry2000,Salem-AR,14
GoltsevDmitry2000,Schattman,14
GoltsevDmitry2000,Sweafty,14
GoltsevDmitry2000,TigrVShlyape,14
GoltsevDmitry2000,exoticprincess,14
GoltsevDmitry2000,howitzer14,14
GoltsevDmitry2000,isaks,14
GoltsevDmitry2000,vugarrasulov,14
Schattman,Djager97,14
Schattman,Frolik67,14
Schattman,Gabix_94,14
Schattman,Heineccius,14
Schattman,Ivan11Martic,14
Schattman,NateSolon,14
Schattman,PavelChernomordik,14
Schattman,Ready4abattle,14
Schattman,SirParistonHill,14
Schattman,Tolyanius,14
Schattman,a-z30,14
Schattman,dosto07,14
Schattman,hellokostya,14
Schattman,koncheto,14
Rud_Makarian,Bulldog167,15
Rud_Makarian,DeTimmerman,15
Rud_Makarian,GMG,15
Rud_Makarian,GMWSO,15
Rud_Makarian,I_am_Javi,15
Rud_Makarian,JimDiGrease,15
Rud_Makarian,Jospem,15
Rud_Makarian,LoydBlankenship,15
Rud_Makarian,Parhamov,15
Rud_Makarian,RobertoJBM,15
Rud_Makarian,TigrVShlyape,15
Rud_Makarian,econpower,15
Rud_Makarian,exoticprincess,15
Rud_Makarian,kleinebeer98,15
Rud_Makarian,oskariot,15
Witik,Beca95,16
Witik,GoltsevDmitry2000,16
Witik,Herman-NY,16
Witik,Lennis93,16
Witik,LeoLV10,16
Witik,Maksimus1998,16
Witik,Mykola-Bortnyk,16
Witik,Myshakov_Fedor,16
Witik,PavelChernomordik,16
Witik,SirParistonHill,16
Witik,TigrVShlyape,16
Witik,Vaibhavraut99,16
Witik,VitaliyBernadskiy,16
Witik,burbur555,16
Witik,m_ezat,16
Witik,mbojan,16
vi_pranav,Arystanner,17
vi_pranav,BeanScreen,17
vi_pranav,BogdanDeac,17
vi_pranav,Bulldog167,17
vi_pranav,DuleMudule,17
vi_pranav,GMG,17
vi_pranav,KuzubovYuriy,17
vi_pranav,Salem-AR,17
vi_pranav,ShiroglanTalibov,17
vi_pranav,TigrVShlyape,17
vi_pranav,ckgchess,17
vi_pranav,daro94,17
vi_pranav,denizozen,17
vi_pranav,eljanov,17
vi_pranav,howitzer14,17
vi_pranav,korbul,17
vi_pranav,sergiochess83,17
Orest_Vovk,Aborigen_came,18
Orest_Vovk,Alexchess1984,18
Orest_Vovk,Bykov_Egor,18
Orest_Vovk,CheckThis4,18
Orest_Vovk,DenishevM,18
Orest_Vovk,GiorgianBarbosa,18
Orest_Vovk,GothamChess,18
Orest_Vovk,I_am_Javi,18
Orest_Vovk,Karttunen,18
Orest_Vovk,KonstantinB_1983,18
Orest_Vovk,NikolaGry,18
Orest_Vovk,Oleg_Papayan,18
Orest_Vovk,PositionalPanther,18
Orest_Vovk,Schattman,18
Orest_Vovk,SirParistonHill,18
Orest_Vovk,TanitoluwaAps116,18
Orest_Vovk,Twitch_ElhamBlitz05,18
Orest_Vovk,esrosenberg,18
stollenmonster,Alex_Banzea,22
stollenmonster,Bulldog167,22
stollenmonster,DryCounty,22
stollenmonster,DuleMudule,22
stollenmonster,Fandorine,22
stollenmonster,Fighterman91,22
stollenmonster,JordanLoyd2020,22
stollenmonster,Jospem,22
stollenmonster,Lennis93,22
stollenmonster,Leonid_Starozhilov,22
stollenmonster,Maitreia,22
stollenmonster,NikolaGry,22
stollenmonster,Ol_Bilych,22
stollenmonster,SirParistonHill,22
stollenmonster,Sl4werThanYou,22
stollenmonster,TigrVShlyape,22
stollenmonster,Viacheslav92,22
stollenmonster,alexrustemov,22
stollenmonster,baki83,22
stollenmonster,djano,22
stollenmonster,mbojan,22
stollenmonster,shimastream,22