blockedby,players_played_count,blocks_count,blocked_to_played_player_ratio
TigrVShlyape,751,274,0.3648468708
Jospem,626,106,0.1693290735
Guzman70,234,88,0.3760683761
SirParistonHill,303,86,0.2838283828
Lennis93,447,83,0.1856823266
Schattman,519,81,0.1560693642
BahadirOzen,304,43,0.1414473684
djano,872,42,0.04816513761
WindWhistler11,427,40,0.09367681499
Witik,665,35,0.05263157895
esrosenberg,611,34,0.05564648118
dosto07,792,27,0.03409090909
carokannlover213,196,26,0.1326530612
LoydBlankenship,99,26,0.2626262626
OparinGrigoriy,431,24,0.05568445476
NikolaGry,222,24,0.1081081081
Krakozia,194,23,0.118556701
LeoLV10,236,21,0.08898305085
HanSchut,434,20,0.04608294931
GMG,199,19,0.09547738693
Oleg_Papayan,429,18,0.04195804196
guillembaches,659,17,0.02579666161
Beca95,548,17,0.03102189781
Bulldog167,203,17,0.08374384236
DuleMudule,100,17,0.17
Byniolus,783,16,0.02043422733
Ready4abattle,270,15,0.05555555556
Myshakov_Fedor,40,15,0.375
Rud_Makarian,536,14,0.02611940299
BeanScreen,481,14,0.02910602911
Tonychess32,315,14,0.04444444444
Herman-NY,195,14,0.07179487179
sergoy,319,13,0.0407523511
Twitch_ElhamBlitz05,137,13,0.09489051095
sergeikim,463,12,0.02591792657
I_am_Javi,376,12,0.03191489362
Maitreia,105,12,0.1142857143
alexrustemov,734,11,0.01498637602
Sweafty,143,11,0.07692307692
Chess_master1982,50,11,0.22
Oleksandr_Bortnyk,674,10,0.01483679525
vugarrasulov,442,10,0.02262443439
ckgchess,317,10,0.03154574132
Leonid_Starozhilov,275,10,0.03636363636
anon6121824,275,10,0.03636363636
SanchezKelvin,264,10,0.03787878788
JordanLoyd2020,122,10,0.08196721311
Zhigalko_Sergei,831,9,0.01083032491
sergiochess83,403,9,0.0223325062
Cheer_Down,215,9,0.04186046512
Ze-Pequeno,67,9,0.1343283582
oskariot,363,8,0.02203856749
PavelChernomordik,349,8,0.0229226361
levallem,310,8,0.02580645161
econpower,47,8,0.170212766
Aborigen_came,33,8,0.2424242424
HajiyevKanan,755,7,0.009271523179
Njal28,398,7,0.0175879397
ritanovikova,398,7,0.0175879397
GalaxyRoman,298,7,0.02348993289
zouchen6,137,7,0.05109489051
ChessShop,106,7,0.06603773585
KrolPawel92OnTwitch,69,7,0.1014492754
m_ezat,563,6,0.01065719361
RobertoJBM,440,6,0.01363636364
GAusal,379,6,0.01583113456
exoticprincess,311,6,0.0192926045
Ol_Bilych,268,6,0.0223880597
vladislavkovalev,265,6,0.02264150943
eljanov,264,6,0.02272727273
DrCeltic,251,6,0.02390438247
realburq,206,6,0.02912621359
korbul,186,6,0.03225806452
DryCounty,184,6,0.03260869565
Real_OceanStorm,107,6,0.05607476636
Tobias_Koelle,93,6,0.06451612903
mbojan,550,5,0.009090909091
stollenmonster,490,5,0.01020408163
vi_pranav,470,5,0.01063829787
The_Machine04,445,5,0.01123595506
baki83,404,5,0.01237623762
rezamahdavi2008,396,5,0.01262626263
Russian_berezka,393,5,0.01272264631
Makswolf200817,358,5,0.01396648045
Athanasios2,344,5,0.01453488372
DeTimmerman,305,5,0.01639344262
Mykola-Bortnyk,294,5,0.01700680272
micke12a,281,5,0.01779359431
Viacheslav92,255,5,0.01960784314
howitzer14,250,5,0.02
DonkyDonkyDonkey,246,5,0.02032520325
The_Straightforward_Rook,244,5,0.02049180328
GMWSO,235,5,0.02127659574
mac0504,177,5,0.02824858757
kuli4ik,172,5,0.02906976744
2k28Lakers,56,5,0.08928571429
nicoderboss24,37,5,0.1351351351
Orest_Vovk,643,4,0.006220839813
BeardedNM,590,4,0.006779661017
biostatistician,526,4,0.007604562738
MatthewG-p4p,476,4,0.008403361345
JimDiGrease,441,4,0.009070294785
Arystanner,413,4,0.009685230024
Veleamater,361,4,0.01108033241
VladimirKramnik,356,4,0.01123595506
Kirill_Klukin,349,4,0.01146131805
kleinebeer98,347,4,0.01152737752
sofaceindisguise,326,4,0.01226993865
Bigfish1995,305,4,0.0131147541
Zavgorodniy_Sergiy,279,4,0.01433691756
MetiForce,201,4,0.01990049751
BENO_CHESS,198,4,0.0202020202
Salem-AR,192,4,0.02083333333
psychokiller48,155,4,0.02580645161
Tolyanius,142,4,0.02816901408
mind1mover,119,4,0.03361344538
ValentinDragnev,108,4,0.03703703704
dawid498,89,4,0.04494382022
Tactrics,68,4,0.05882352941
burbur555,57,4,0.0701754386
Bilan_Danila,803,3,0.003735990037
GoltsevDmitry2000,667,3,0.004497751124
Nf3c5,660,3,0.004545454545
The_filthy,641,3,0.004680187207
Fandorine,589,3,0.005093378608
TanitoluwaAps116,552,3,0.005434782609
Haykoooo0o,535,3,0.005607476636
shimastream,532,3,0.005639097744
Kildepiotr,512,3,0.005859375
JoliyRoger,494,3,0.006072874494
Iball95,485,3,0.00618556701
Hikaru,483,3,0.006211180124
MITerryble,477,3,0.006289308176
Langua_Chess,428,3,0.007009345794
frederiksvane,390,3,0.007692307692
zverr1,370,3,0.008108108108
GM_dmitrij,349,3,0.008595988539
HouseOfDurin,337,3,0.008902077151
colegiodemadrid,332,3,0.009036144578
SantoBlue,285,3,0.01052631579
Ajedrez_con_German,240,3,0.0125
YellowJacek,239,3,0.01255230126
Angry_Twin,201,3,0.01492537313
Marcin,198,3,0.01515151515
Marcus_Harvey,192,3,0.015625
Maksimus1998,190,3,0.01578947368
Alex_Banzea,176,3,0.01704545455
Squirlolz,171,3,0.01754385965
Chessexplained,161,3,0.01863354037
stolencandy13,157,3,0.01910828025
MYMChessAcademy,152,3,0.01973684211
NelsonLinda,122,3,0.02459016393
GradualismUnleashed,121,3,0.02479338843
Tramontanaaa,120,3,0.025
Forge13,106,3,0.02830188679
2Tilted,98,3,0.0306122449
DenishevM,94,3,0.03191489362
CarlosAlbornoz,90,3,0.03333333333
nevmenko,77,3,0.03896103896
Dyadya81,40,3,0.075
Mischuk_D,34,3,0.08823529412
nOcHeaTiNgKiD,29,3,0.1034482759
13MiRacLe,26,3,0.1153846154
AlexPapasimakopoulos,683,2,0.002928257687
GiorgianBarbosa,675,2,0.002962962963
mishanick,613,2,0.003262642741
Msb2,587,2,0.003407155026
KorolDimitriy75,557,2,0.003590664273
ozates,549,2,0.00364298725
NowInChess,546,2,0.003663003663
noblerone,522,2,0.003831417625
Roedor,455,2,0.004395604396
artin10862,455,2,0.004395604396
SirMittensofMittensville,428,2,0.004672897196
FredddieCroderg,420,2,0.004761904762
Firouzja2003,410,2,0.00487804878
vladgoncharov,400,2,0.005
AradNazari,397,2,0.005037783375
GMBenjaminBok,326,2,0.006134969325
giomar27,312,2,0.00641025641
hellokostya,297,2,0.006734006734
DrMamaliga,294,2,0.006802721088
XDPS,269,2,0.007434944238
Alexander_Donchenko,258,2,0.007751937984
Sergey85Rodchenkov,252,2,0.007936507937
whiteglovethief,245,2,0.008163265306
ShiroglanTalibov,238,2,0.008403361345
LiamPutnam2008,224,2,0.008928571429
Parhamov,217,2,0.009216589862
Sychev_on_YouTube,217,2,0.009216589862
ViIIagra,204,2,0.009803921569
wannabe2700,195,2,0.01025641026
Sattarov_Bobur,194,2,0.01030927835
Rsnr,173,2,0.01156069364
SAInt_666,162,2,0.01234567901
Khromkin,161,2,0.01242236025
MalyDominator,156,2,0.01282051282
KononenkoD,147,2,0.01360544218
Chesstar,143,2,0.01398601399
koziororo,140,2,0.01428571429
VitaliyBernadskiy,137,2,0.01459854015
Andrej2004,133,2,0.01503759398
WilsonPalencia21,132,2,0.01515151515
Goi_Manne,131,2,0.01526717557
elamier,131,2,0.01526717557
PositionalPanther,129,2,0.01550387597
AwareIdea,128,2,0.015625
Fore_Man,123,2,0.0162601626
Nicolas_DeLaColina,119,2,0.01680672269
Sl4werThanYou,117,2,0.01709401709
JSPrepz,106,2,0.01886792453
Margency,106,2,0.01886792453
Alexchess1984,103,2,0.01941747573
qqwow,99,2,0.0202020202
Baronessa08,98,2,0.02040816327
catzapto,97,2,0.0206185567
PolandHussars,95,2,0.02105263158
NoGalloNoParty,90,2,0.02222222222
Jumbo,89,2,0.02247191011
Lovinski,75,2,0.02666666667
Shepa2017,69,2,0.02898550725
demon64fields,69,2,0.02898550725
nindjaxx8,69,2,0.02898550725
topce,69,2,0.02898550725
Incognito_Knight,64,2,0.03125
WildTricks,60,2,0.03333333333
splendidkid,57,2,0.0350877193
randomo,49,2,0.04081632653
Bad_left_hook,47,2,0.04255319149
JeRoma71,44,2,0.04545454545
u-art,43,2,0.04651162791
Nesty_Javi_Chess,36,2,0.05555555556
Rumpel-VK,35,2,0.05714285714
Schwarzschidl,33,2,0.06060606061
OlegKrivonosov,32,2,0.0625
Nadtkins,29,2,0.06896551724
CrazyMartian,28,2,0.07142857143
ChessWarrior7197,22,2,0.09090909091
2KRK1,18,2,0.1111111111
NotYetFinish,18,2,0.1111111111
XxPetroffsxX,8,2,0.25
Mikhail_Golubev,820,1,0.001219512195
WPWPWP-2015,788,1,0.001269035533
IngOscarArdila,652,1,0.001533742331
LuisFSiles,645,1,0.001550387597
wild3000,622,1,0.001607717042
santosalberto1987,600,1,0.001666666667
karinachess1,596,1,0.001677852349
shirovin,580,1,0.001724137931
HrvojeZagreb,563,1,0.001776198934
Manukyan_Artak,560,1,0.001785714286
Abund,558,1,0.001792114695
jup1978,537,1,0.001862197393
valemava,534,1,0.001872659176
Djager97,532,1,0.001879699248
Druid24,525,1,0.001904761905
viktorgen2021,523,1,0.001912045889
BogdanDeac,511,1,0.001956947162
Zq1,503,1,0.001988071571
koncheto,501,1,0.001996007984
vidavi,483,1,0.002070393375
Gentlejimmy7,480,1,0.002083333333
jefferyx,462,1,0.002164502165
ccccvhhhj,458,1,0.002183406114
Balla_Tamas,442,1,0.002262443439
RCone,442,1,0.002262443439
Giorno,438,1,0.002283105023
DanielNaroditsky,437,1,0.002288329519
talaicito,434,1,0.002304147465
temiksmozg,429,1,0.002331002331
Durarbayli,423,1,0.002364066194
Sokoloco,404,1,0.002475247525
Ivan11Martic,401,1,0.002493765586
andrzej,401,1,0.002493765586
arminmusovic,395,1,0.00253164557
tdf98pantani,394,1,0.002538071066
manitodeplomo,386,1,0.002590673575
sokidze,383,1,0.002610966057
brm72,373,1,0.002680965147
Yurovskykh_Oleksandr,371,1,0.00269541779
JaloliddinIlkhomi,361,1,0.002770083102
Karttunen,359,1,0.00278551532
RamonManon0g,356,1,0.002808988764
ShahMatKanal,349,1,0.002865329513
Vsevolod_Ovchinnikov,347,1,0.00288184438
elchacal664,342,1,0.002923976608
Fan_Of_Chucky,334,1,0.002994011976
VitorBronson,323,1,0.003095975232
vovachesss,316,1,0.003164556962
Harry_Rakkel,314,1,0.003184713376
Sina_Movahed,311,1,0.003215434084
DTChess,306,1,0.003267973856
Fandorin779,305,1,0.003278688525
nihalsarin,303,1,0.003300330033
MarcoRiehle,302,1,0.003311258278
chessdragon7161,295,1,0.003389830508
deribas12345,292,1,0.003424657534
KATPAH,291,1,0.003436426117
Walter_White_Poland,288,1,0.003472222222
GothamChess,283,1,0.003533568905
Defenstrator,281,1,0.003558718861
Bauman_Guy,277,1,0.003610108303
moro182,270,1,0.003703703704
whitemirrorninja,260,1,0.003846153846
Barmen_EV,256,1,0.00390625
German_Bazeev,255,1,0.003921568627
Nbk90,251,1,0.003984063745
a-z30,245,1,0.004081632653
penguingm1,245,1,0.004081632653
mary-sanna,244,1,0.004098360656
ProfessorChess101,240,1,0.004166666667
Harsha_Bharathakoti,238,1,0.004201680672
Denis_Makhnyov,234,1,0.004273504274
topin8,234,1,0.004273504274
Zohid6,230,1,0.004347826087
Vaibhavraut99,228,1,0.004385964912
Fighterman91,220,1,0.004545454545
eagleclaw07,220,1,0.004545454545
joksijoksi,220,1,0.004545454545
DrVelja,212,1,0.004716981132
Joshukid,210,1,0.004761904762
NateSolon,209,1,0.004784688995
gmcorrales,206,1,0.004854368932
londonkid,203,1,0.004926108374
fugadelafuga,202,1,0.00495049505
AndreiITrifan,195,1,0.005128205128
RJRA94,192,1,0.005208333333
Willi_Skibbe,192,1,0.005208333333
Apocalyps999,188,1,0.005319148936
DanylaBagrov,186,1,0.005376344086
igorkovalenko,186,1,0.005376344086
TheKnightOfBosnia,181,1,0.005524861878
TheBigBoss04,179,1,0.005586592179
AmanteDeMoi,175,1,0.005714285714
Bala-Afiada,175,1,0.005714285714
bardiya_Daneshvar,175,1,0.005714285714
acertijo08,174,1,0.005747126437
Egor_Koshulyan,172,1,0.005813953488
AntonovaNadezhda,171,1,0.005847953216
Barbus89,171,1,0.005847953216
CheckThis4,171,1,0.005847953216
The_Sherman_Variation,171,1,0.005847953216
masterofpuppets2,171,1,0.005847953216
Rakhmanov_Aleksandr,169,1,0.005917159763
WhiteKnight2612,165,1,0.006060606061
ChuckPhil,161,1,0.006211180124
cukin84,160,1,0.00625
Orujov2008,157,1,0.006369426752
albano87,155,1,0.006451612903
Airquake,154,1,0.006493506494
c63_amg,153,1,0.006535947712
ChessSwole,150,1,0.006666666667
JakubPulpan,147,1,0.006802721088
kuzol,147,1,0.006802721088
Nekoo04,145,1,0.006896551724
NLLO777,144,1,0.006944444444
Francisco_Ferrari,141,1,0.007092198582
Indianlad,137,1,0.007299270073
komogro,137,1,0.007299270073
hsd2016,135,1,0.007407407407
aistrel,133,1,0.007518796992
NovozhilovSemen,130,1,0.007692307692
Blitzstream,128,1,0.0078125
LastGladiator1,126,1,0.007936507937
GrigorGrigorov,125,1,0.008
Fonsofan,123,1,0.008130081301
Mesa_1,122,1,0.008196721311
daro94,122,1,0.008196721311
Nor1lsk,121,1,0.00826446281
OPQRC,120,1,0.008333333333
meoluoi91,120,1,0.008333333333
Baku_Boulevard,118,1,0.008474576271
Gogolev_Artemy,112,1,0.008928571429
Treasurechess777,107,1,0.009345794393
harlem4brew,107,1,0.009345794393
lolo9292,105,1,0.009523809524
SlavenPastar,104,1,0.009615384615
Trickster_fam,99,1,0.0101010101
anon102030,98,1,0.01020408163
ChessLover0108,96,1,0.01041666667
Gabix_94,96,1,0.01041666667
HElissalt,93,1,0.01075268817
Smile2005,93,1,0.01075268817
SnekkerAndersen,93,1,0.01075268817
AndreGVH,90,1,0.01111111111
OriTaichman,90,1,0.01111111111
Suleyman_Chess06,88,1,0.01136363636
starworld123,87,1,0.01149425287
ShadowJolteon,86,1,0.01162790698
Alex_Terzi,82,1,0.01219512195
Chuchofrio1,82,1,0.01219512195
AbasovN,81,1,0.01234567901
Rurep26,81,1,0.01234567901
tgpgoat,81,1,0.01234567901
Josgar05,80,1,0.0125
Mrlammy,80,1,0.0125
SmirnovAlexandrA,80,1,0.0125
FormerProdigy,79,1,0.01265822785
leschebaza,79,1,0.01265822785
GM_shahin,77,1,0.01298701299
lavr92,77,1,0.01298701299
dcremisi,76,1,0.01315789474
KonstantinB_1983,75,1,0.01333333333
HeroWilczek,74,1,0.01351351351
IM_ArthurDW08,74,1,0.01351351351
KuzubovYuriy,74,1,0.01351351351
HeinichessPY,73,1,0.01369863014
Amirreza_p,71,1,0.01408450704
Tash_Boy,71,1,0.01408450704
Ellaijio_B,70,1,0.01428571429
kuruhuru,70,1,0.01428571429
Jakuboss22005,69,1,0.01449275362
UnknownMagician,67,1,0.01492537313
abykhovsky,67,1,0.01492537313
OglazaOskar2005,65,1,0.01538461538
Emeraldddd,64,1,0.015625
krasavetc,64,1,0.015625
visa,64,1,0.015625
TheCavemanChess,63,1,0.01587301587
Thunderbolt135,63,1,0.01587301587
Tugrik1969,62,1,0.01612903226
Galileo22,61,1,0.01639344262
Mihajlovskij,59,1,0.01694915254
PierrotFace,59,1,0.01694915254
Ucitelot,58,1,0.01724137931
denizozen,57,1,0.01754385965
Everyfishknows,56,1,0.01785714286
Alexander_Moskalenko,54,1,0.01851851852
INLOVEWITHF,52,1,0.01923076923
GMTalks_Youtube,51,1,0.01960784314
Igor_Kowalski,51,1,0.01960784314
crazyluzhinTh3,51,1,0.01960784314
Azerichess,47,1,0.02127659574
AdrianaNikolova,45,1,0.02222222222
Dom1nant1337,44,1,0.02272727273
cedchass2006,44,1,0.02272727273
Pastore1978,43,1,0.02325581395
rogapa,43,1,0.02325581395
zaur-mammadov,41,1,0.0243902439
TRadjabov,40,1,0.025
ChesscularGodofchess,39,1,0.02564102564
MerryPoppies,39,1,0.02564102564
neilbhav,39,1,0.02564102564
Gold_Ocean,38,1,0.02631578947
rednova1729,37,1,0.02702702703
AlejandroPacheco29,36,1,0.02777777778
Filipascu,36,1,0.02777777778
BashirovKemal,34,1,0.02941176471
friesnielsen2302,34,1,0.02941176471
kushagramohan,33,1,0.0303030303
Gennady_Kozlov,32,1,0.03125
Bykov_Egor,31,1,0.03225806452
poummba,31,1,0.03225806452
Izoria123,30,1,0.03333333333
romulocardoso,27,1,0.03703703704
Pertinhez76,26,1,0.03846153846
fu24,26,1,0.03846153846
Arseniy_Nesterov,25,1,0.04
Markov_Mikhail,24,1,0.04166666667
alertakobra,24,1,0.04166666667
Aleksey_Sorokin,23,1,0.04347826087
kflorian98,23,1,0.04347826087
RrainlessBobot,22,1,0.04545454545
SoCalJuniorChess,22,1,0.04545454545
Heineccius,21,1,0.04761904762
Igel2023,21,1,0.04761904762
Jordi-Wayne,21,1,0.04761904762
Tlerus,21,1,0.04761904762
VSERGUEI,20,1,0.05
IsikCan05,17,1,0.05882352941
Ziyamammadov,17,1,0.05882352941
gmjoey1,16,1,0.0625
FMjchristie,14,1,0.07142857143
Michelangelo111,14,1,0.07142857143
OptimusMagister,12,1,0.08333333333
AVolodin,11,1,0.09090909091
DoctorCheckyll,11,1,0.09090909091
Frolik67,11,1,0.09090909091
halfnatty,11,1,0.09090909091
redbaron8888,11,1,0.09090909091
827883,10,1,0.1
MrMotley,8,1,0.125
isaks,8,1,0.125
slavenok,8,1,0.125
FEKKET-ESZTER,6,1,0.1666666667
StegariuVlad,2,1,0.5
Fernando-Freire,1,1,1